[2026-04-29 21:22:53] production.ERROR: SQLSTATE[42S02]: Base table or view not found: 1146 Table 'if0_41789412_marigas.users' doesn't exist (Connection: mysql, SQL: select * from `users` where `id` = 1 limit 1) {"exception":"[object] (Illuminate\\Database\\QueryException(code: 42S02): SQLSTATE[42S02]: Base table or view not found: 1146 Table 'if0_41789412_marigas.users' doesn't exist (Connection: mysql, SQL: select * from `users` where `id` = 1 limit 1) at /home/vol4_1/infinityfree.com/if0_41789412/htdocs/vendor/laravel/framework/src/Illuminate/Database/Connection.php:825)
[stacktrace]
#0 /home/vol4_1/infinityfree.com/if0_41789412/htdocs/vendor/laravel/framework/src/Illuminate/Database/Connection.php(779): Illuminate\\Database\\Connection->runQueryCallback('select * from `...', Array, Object(Closure))
#1 /home/vol4_1/infinityfree.com/if0_41789412/htdocs/vendor/laravel/framework/src/Illuminate/Database/Connection.php(398): Illuminate\\Database\\Connection->run('select * from `...', Array, Object(Closure))
#2 /home/vol4_1/infinityfree.com/if0_41789412/htdocs/vendor/laravel/framework/src/Illuminate/Database/Query/Builder.php(3088): Illuminate\\Database\\Connection->select('select * from `...', Array, true)
#3 /home/vol4_1/infinityfree.com/if0_41789412/htdocs/vendor/laravel/framework/src/Illuminate/Database/Query/Builder.php(3073): Illuminate\\Database\\Query\\Builder->runSelect()
#4 /home/vol4_1/infinityfree.com/if0_41789412/htdocs/vendor/laravel/framework/src/Illuminate/Database/Query/Builder.php(3661): Illuminate\\Database\\Query\\Builder->Illuminate\\Database\\Query\\{closure}()
#5 /home/vol4_1/infinityfree.com/if0_41789412/htdocs/vendor/laravel/framework/src/Illuminate/Database/Query/Builder.php(3072): Illuminate\\Database\\Query\\Builder->onceWithColumns(Array, Object(Closure))
#6 /home/vol4_1/infinityfree.com/if0_41789412/htdocs/vendor/laravel/framework/src/Illuminate/Database/Eloquent/Builder.php(759): Illuminate\\Database\\Query\\Builder->get(Array)
#7 /home/vol4_1/infinityfree.com/if0_41789412/htdocs/vendor/laravel/framework/src/Illuminate/Database/Eloquent/Builder.php(741): Illuminate\\Database\\Eloquent\\Builder->getModels(Array)
#8 /home/vol4_1/infinityfree.com/if0_41789412/htdocs/vendor/laravel/framework/src/Illuminate/Database/Concerns/BuildsQueries.php(343): Illuminate\\Database\\Eloquent\\Builder->get(Array)
#9 /home/vol4_1/infinityfree.com/if0_41789412/htdocs/routes/web.php(527): Illuminate\\Database\\Eloquent\\Builder->first()
#10 /home/vol4_1/infinityfree.com/if0_41789412/htdocs/vendor/laravel/framework/src/Illuminate/Routing/CallableDispatcher.php(40): Illuminate\\Routing\\RouteFileRegistrar->{closure}('1')
#11 /home/vol4_1/infinityfree.com/if0_41789412/htdocs/vendor/laravel/framework/src/Illuminate/Routing/Route.php(238): Illuminate\\Routing\\CallableDispatcher->dispatch(Object(Illuminate\\Routing\\Route), Object(Closure))
#12 /home/vol4_1/infinityfree.com/if0_41789412/htdocs/vendor/laravel/framework/src/Illuminate/Routing/Route.php(209): Illuminate\\Routing\\Route->runCallable()
#13 /home/vol4_1/infinityfree.com/if0_41789412/htdocs/vendor/laravel/framework/src/Illuminate/Routing/Router.php(808): Illuminate\\Routing\\Route->run()
#14 /home/vol4_1/infinityfree.com/if0_41789412/htdocs/vendor/laravel/framework/src/Illuminate/Pipeline/Pipeline.php(144): Illuminate\\Routing\\Router->Illuminate\\Routing\\{closure}(Object(Illuminate\\Http\\Request))
#15 /home/vol4_1/infinityfree.com/if0_41789412/htdocs/vendor/laravel/framework/src/Illuminate/Routing/Middleware/SubstituteBindings.php(51): Illuminate\\Pipeline\\Pipeline->Illuminate\\Pipeline\\{closure}(Object(Illuminate\\Http\\Request))
#16 /home/vol4_1/infinityfree.com/if0_41789412/htdocs/vendor/laravel/framework/src/Illuminate/Pipeline/Pipeline.php(183): Illuminate\\Routing\\Middleware\\SubstituteBindings->handle(Object(Illuminate\\Http\\Request), Object(Closure))
#17 /home/vol4_1/infinityfree.com/if0_41789412/htdocs/vendor/laravel/framework/src/Illuminate/Foundation/Http/Middleware/VerifyCsrfToken.php(88): Illuminate\\Pipeline\\Pipeline->Illuminate\\Pipeline\\{closure}(Object(Illuminate\\Http\\Request))
#18 /home/vol4_1/infinityfree.com/if0_41789412/htdocs/vendor/laravel/framework/src/Illuminate/Pipeline/Pipeline.php(183): Illuminate\\Foundation\\Http\\Middleware\\VerifyCsrfToken->handle(Object(Illuminate\\Http\\Request), Object(Closure))
#19 /home/vol4_1/infinityfree.com/if0_41789412/htdocs/vendor/laravel/framework/src/Illuminate/View/Middleware/ShareErrorsFromSession.php(49): Illuminate\\Pipeline\\Pipeline->Illuminate\\Pipeline\\{closure}(Object(Illuminate\\Http\\Request))
#20 /home/vol4_1/infinityfree.com/if0_41789412/htdocs/vendor/laravel/framework/src/Illuminate/Pipeline/Pipeline.php(183): Illuminate\\View\\Middleware\\ShareErrorsFromSession->handle(Object(Illuminate\\Http\\Request), Object(Closure))
#21 /home/vol4_1/infinityfree.com/if0_41789412/htdocs/vendor/laravel/framework/src/Illuminate/Session/Middleware/StartSession.php(121): Illuminate\\Pipeline\\Pipeline->Illuminate\\Pipeline\\{closure}(Object(Illuminate\\Http\\Request))
#22 /home/vol4_1/infinityfree.com/if0_41789412/htdocs/vendor/laravel/framework/src/Illuminate/Session/Middleware/StartSession.php(64): Illuminate\\Session\\Middleware\\StartSession->handleStatefulRequest(Object(Illuminate\\Http\\Request), Object(Illuminate\\Session\\Store), Object(Closure))
#23 /home/vol4_1/infinityfree.com/if0_41789412/htdocs/vendor/laravel/framework/src/Illuminate/Pipeline/Pipeline.php(183): Illuminate\\Session\\Middleware\\StartSession->handle(Object(Illuminate\\Http\\Request), Object(Closure))
#24 /home/vol4_1/infinityfree.com/if0_41789412/htdocs/vendor/laravel/framework/src/Illuminate/Cookie/Middleware/AddQueuedCookiesToResponse.php(37): Illuminate\\Pipeline\\Pipeline->Illuminate\\Pipeline\\{closure}(Object(Illuminate\\Http\\Request))
#25 /home/vol4_1/infinityfree.com/if0_41789412/htdocs/vendor/laravel/framework/src/Illuminate/Pipeline/Pipeline.php(183): Illuminate\\Cookie\\Middleware\\AddQueuedCookiesToResponse->handle(Object(Illuminate\\Http\\Request), Object(Closure))
#26 /home/vol4_1/infinityfree.com/if0_41789412/htdocs/vendor/laravel/framework/src/Illuminate/Cookie/Middleware/EncryptCookies.php(75): Illuminate\\Pipeline\\Pipeline->Illuminate\\Pipeline\\{closure}(Object(Illuminate\\Http\\Request))
#27 /home/vol4_1/infinityfree.com/if0_41789412/htdocs/vendor/laravel/framework/src/Illuminate/Pipeline/Pipeline.php(183): Illuminate\\Cookie\\Middleware\\EncryptCookies->handle(Object(Illuminate\\Http\\Request), Object(Closure))
#28 /home/vol4_1/infinityfree.com/if0_41789412/htdocs/vendor/laravel/framework/src/Illuminate/Pipeline/Pipeline.php(119): Illuminate\\Pipeline\\Pipeline->Illuminate\\Pipeline\\{closure}(Object(Illuminate\\Http\\Request))
#29 /home/vol4_1/infinityfree.com/if0_41789412/htdocs/vendor/laravel/framework/src/Illuminate/Routing/Router.php(807): Illuminate\\Pipeline\\Pipeline->then(Object(Closure))
#30 /home/vol4_1/infinityfree.com/if0_41789412/htdocs/vendor/laravel/framework/src/Illuminate/Routing/Router.php(786): Illuminate\\Routing\\Router->runRouteWithinStack(Object(Illuminate\\Routing\\Route), Object(Illuminate\\Http\\Request))
#31 /home/vol4_1/infinityfree.com/if0_41789412/htdocs/vendor/laravel/framework/src/Illuminate/Routing/Router.php(750): Illuminate\\Routing\\Router->runRoute(Object(Illuminate\\Http\\Request), Object(Illuminate\\Routing\\Route))
#32 /home/vol4_1/infinityfree.com/if0_41789412/htdocs/vendor/laravel/framework/src/Illuminate/Routing/Router.php(739): Illuminate\\Routing\\Router->dispatchToRoute(Object(Illuminate\\Http\\Request))
#33 /home/vol4_1/infinityfree.com/if0_41789412/htdocs/vendor/laravel/framework/src/Illuminate/Foundation/Http/Kernel.php(201): Illuminate\\Routing\\Router->dispatch(Object(Illuminate\\Http\\Request))
#34 /home/vol4_1/infinityfree.com/if0_41789412/htdocs/vendor/laravel/framework/src/Illuminate/Pipeline/Pipeline.php(144): Illuminate\\Foundation\\Http\\Kernel->Illuminate\\Foundation\\Http\\{closure}(Object(Illuminate\\Http\\Request))
#35 /home/vol4_1/infinityfree.com/if0_41789412/htdocs/vendor/laravel/framework/src/Illuminate/Foundation/Http/Middleware/TransformsRequest.php(21): Illuminate\\Pipeline\\Pipeline->Illuminate\\Pipeline\\{closure}(Object(Illuminate\\Http\\Request))
#36 /home/vol4_1/infinityfree.com/if0_41789412/htdocs/vendor/laravel/framework/src/Illuminate/Foundation/Http/Middleware/ConvertEmptyStringsToNull.php(31): Illuminate\\Foundation\\Http\\Middleware\\TransformsRequest->handle(Object(Illuminate\\Http\\Request), Object(Closure))
#37 /home/vol4_1/infinityfree.com/if0_41789412/htdocs/vendor/laravel/framework/src/Illuminate/Pipeline/Pipeline.php(183): Illuminate\\Foundation\\Http\\Middleware\\ConvertEmptyStringsToNull->handle(Object(Illuminate\\Http\\Request), Object(Closure))
#38 /home/vol4_1/infinityfree.com/if0_41789412/htdocs/vendor/laravel/framework/src/Illuminate/Foundation/Http/Middleware/TransformsRequest.php(21): Illuminate\\Pipeline\\Pipeline->Illuminate\\Pipeline\\{closure}(Object(Illuminate\\Http\\Request))
#39 /home/vol4_1/infinityfree.com/if0_41789412/htdocs/vendor/laravel/framework/src/Illuminate/Foundation/Http/Middleware/TrimStrings.php(51): Illuminate\\Foundation\\Http\\Middleware\\TransformsRequest->handle(Object(Illuminate\\Http\\Request), Object(Closure))
#40 /home/vol4_1/infinityfree.com/if0_41789412/htdocs/vendor/laravel/framework/src/Illuminate/Pipeline/Pipeline.php(183): Illuminate\\Foundation\\Http\\Middleware\\TrimStrings->handle(Object(Illuminate\\Http\\Request), Object(Closure))
#41 /home/vol4_1/infinityfree.com/if0_41789412/htdocs/vendor/laravel/framework/src/Illuminate/Http/Middleware/ValidatePostSize.php(27): Illuminate\\Pipeline\\Pipeline->Illuminate\\Pipeline\\{closure}(Object(Illuminate\\Http\\Request))
#42 /home/vol4_1/infinityfree.com/if0_41789412/htdocs/vendor/laravel/framework/src/Illuminate/Pipeline/Pipeline.php(183): Illuminate\\Http\\Middleware\\ValidatePostSize->handle(Object(Illuminate\\Http\\Request), Object(Closure))
#43 /home/vol4_1/infinityfree.com/if0_41789412/htdocs/vendor/laravel/framework/src/Illuminate/Foundation/Http/Middleware/PreventRequestsDuringMaintenance.php(110): Illuminate\\Pipeline\\Pipeline->Illuminate\\Pipeline\\{closure}(Object(Illuminate\\Http\\Request))
#44 /home/vol4_1/infinityfree.com/if0_41789412/htdocs/vendor/laravel/framework/src/Illuminate/Pipeline/Pipeline.php(183): Illuminate\\Foundation\\Http\\Middleware\\PreventRequestsDuringMaintenance->handle(Object(Illuminate\\Http\\Request), Object(Closure))
#45 /home/vol4_1/infinityfree.com/if0_41789412/htdocs/vendor/laravel/framework/src/Illuminate/Http/Middleware/HandleCors.php(49): Illuminate\\Pipeline\\Pipeline->Illuminate\\Pipeline\\{closure}(Object(Illuminate\\Http\\Request))
#46 /home/vol4_1/infinityfree.com/if0_41789412/htdocs/vendor/laravel/framework/src/Illuminate/Pipeline/Pipeline.php(183): Illuminate\\Http\\Middleware\\HandleCors->handle(Object(Illuminate\\Http\\Request), Object(Closure))
#47 /home/vol4_1/infinityfree.com/if0_41789412/htdocs/vendor/laravel/framework/src/Illuminate/Http/Middleware/TrustProxies.php(57): Illuminate\\Pipeline\\Pipeline->Illuminate\\Pipeline\\{closure}(Object(Illuminate\\Http\\Request))
#48 /home/vol4_1/infinityfree.com/if0_41789412/htdocs/vendor/laravel/framework/src/Illuminate/Pipeline/Pipeline.php(183): Illuminate\\Http\\Middleware\\TrustProxies->handle(Object(Illuminate\\Http\\Request), Object(Closure))
#49 /home/vol4_1/infinityfree.com/if0_41789412/htdocs/vendor/laravel/framework/src/Illuminate/Pipeline/Pipeline.php(119): Illuminate\\Pipeline\\Pipeline->Illuminate\\Pipeline\\{closure}(Object(Illuminate\\Http\\Request))
#50 /home/vol4_1/infinityfree.com/if0_41789412/htdocs/vendor/laravel/framework/src/Illuminate/Foundation/Http/Kernel.php(176): Illuminate\\Pipeline\\Pipeline->then(Object(Closure))
#51 /home/vol4_1/infinityfree.com/if0_41789412/htdocs/vendor/laravel/framework/src/Illuminate/Foundation/Http/Kernel.php(145): Illuminate\\Foundation\\Http\\Kernel->sendRequestThroughRouter(Object(Illuminate\\Http\\Request))
#52 /home/vol4_1/infinityfree.com/if0_41789412/htdocs/vendor/laravel/framework/src/Illuminate/Foundation/Application.php(1188): Illuminate\\Foundation\\Http\\Kernel->handle(Object(Illuminate\\Http\\Request))
#53 /home/vol4_1/infinityfree.com/if0_41789412/htdocs/index.php(17): Illuminate\\Foundation\\Application->handleRequest(Object(Illuminate\\Http\\Request))
#54 {main}

[previous exception] [object] (PDOException(code: 42S02): SQLSTATE[42S02]: Base table or view not found: 1146 Table 'if0_41789412_marigas.users' doesn't exist at /home/vol4_1/infinityfree.com/if0_41789412/htdocs/vendor/laravel/framework/src/Illuminate/Database/Connection.php:407)
[stacktrace]
#0 /home/vol4_1/infinityfree.com/if0_41789412/htdocs/vendor/laravel/framework/src/Illuminate/Database/Connection.php(407): PDO->prepare('select * from `...')
#1 /home/vol4_1/infinityfree.com/if0_41789412/htdocs/vendor/laravel/framework/src/Illuminate/Database/Connection.php(812): Illuminate\\Database\\Connection->Illuminate\\Database\\{closure}('select * from `...', Array)
#2 /home/vol4_1/infinityfree.com/if0_41789412/htdocs/vendor/laravel/framework/src/Illuminate/Database/Connection.php(779): Illuminate\\Database\\Connection->runQueryCallback('select * from `...', Array, Object(Closure))
#3 /home/vol4_1/infinityfree.com/if0_41789412/htdocs/vendor/laravel/framework/src/Illuminate/Database/Connection.php(398): Illuminate\\Database\\Connection->run('select * from `...', Array, Object(Closure))
#4 /home/vol4_1/infinityfree.com/if0_41789412/htdocs/vendor/laravel/framework/src/Illuminate/Database/Query/Builder.php(3088): Illuminate\\Database\\Connection->select('select * from `...', Array, true)
#5 /home/vol4_1/infinityfree.com/if0_41789412/htdocs/vendor/laravel/framework/src/Illuminate/Database/Query/Builder.php(3073): Illuminate\\Database\\Query\\Builder->runSelect()
#6 /home/vol4_1/infinityfree.com/if0_41789412/htdocs/vendor/laravel/framework/src/Illuminate/Database/Query/Builder.php(3661): Illuminate\\Database\\Query\\Builder->Illuminate\\Database\\Query\\{closure}()
#7 /home/vol4_1/infinityfree.com/if0_41789412/htdocs/vendor/laravel/framework/src/Illuminate/Database/Query/Builder.php(3072): Illuminate\\Database\\Query\\Builder->onceWithColumns(Array, Object(Closure))
#8 /home/vol4_1/infinityfree.com/if0_41789412/htdocs/vendor/laravel/framework/src/Illuminate/Database/Eloquent/Builder.php(759): Illuminate\\Database\\Query\\Builder->get(Array)
#9 /home/vol4_1/infinityfree.com/if0_41789412/htdocs/vendor/laravel/framework/src/Illuminate/Database/Eloquent/Builder.php(741): Illuminate\\Database\\Eloquent\\Builder->getModels(Array)
#10 /home/vol4_1/infinityfree.com/if0_41789412/htdocs/vendor/laravel/framework/src/Illuminate/Database/Concerns/BuildsQueries.php(343): Illuminate\\Database\\Eloquent\\Builder->get(Array)
#11 /home/vol4_1/infinityfree.com/if0_41789412/htdocs/routes/web.php(527): Illuminate\\Database\\Eloquent\\Builder->first()
#12 /home/vol4_1/infinityfree.com/if0_41789412/htdocs/vendor/laravel/framework/src/Illuminate/Routing/CallableDispatcher.php(40): Illuminate\\Routing\\RouteFileRegistrar->{closure}('1')
#13 /home/vol4_1/infinityfree.com/if0_41789412/htdocs/vendor/laravel/framework/src/Illuminate/Routing/Route.php(238): Illuminate\\Routing\\CallableDispatcher->dispatch(Object(Illuminate\\Routing\\Route), Object(Closure))
#14 /home/vol4_1/infinityfree.com/if0_41789412/htdocs/vendor/laravel/framework/src/Illuminate/Routing/Route.php(209): Illuminate\\Routing\\Route->runCallable()
#15 /home/vol4_1/infinityfree.com/if0_41789412/htdocs/vendor/laravel/framework/src/Illuminate/Routing/Router.php(808): Illuminate\\Routing\\Route->run()
#16 /home/vol4_1/infinityfree.com/if0_41789412/htdocs/vendor/laravel/framework/src/Illuminate/Pipeline/Pipeline.php(144): Illuminate\\Routing\\Router->Illuminate\\Routing\\{closure}(Object(Illuminate\\Http\\Request))
#17 /home/vol4_1/infinityfree.com/if0_41789412/htdocs/vendor/laravel/framework/src/Illuminate/Routing/Middleware/SubstituteBindings.php(51): Illuminate\\Pipeline\\Pipeline->Illuminate\\Pipeline\\{closure}(Object(Illuminate\\Http\\Request))
#18 /home/vol4_1/infinityfree.com/if0_41789412/htdocs/vendor/laravel/framework/src/Illuminate/Pipeline/Pipeline.php(183): Illuminate\\Routing\\Middleware\\SubstituteBindings->handle(Object(Illuminate\\Http\\Request), Object(Closure))
#19 /home/vol4_1/infinityfree.com/if0_41789412/htdocs/vendor/laravel/framework/src/Illuminate/Foundation/Http/Middleware/VerifyCsrfToken.php(88): Illuminate\\Pipeline\\Pipeline->Illuminate\\Pipeline\\{closure}(Object(Illuminate\\Http\\Request))
#20 /home/vol4_1/infinityfree.com/if0_41789412/htdocs/vendor/laravel/framework/src/Illuminate/Pipeline/Pipeline.php(183): Illuminate\\Foundation\\Http\\Middleware\\VerifyCsrfToken->handle(Object(Illuminate\\Http\\Request), Object(Closure))
#21 /home/vol4_1/infinityfree.com/if0_41789412/htdocs/vendor/laravel/framework/src/Illuminate/View/Middleware/ShareErrorsFromSession.php(49): Illuminate\\Pipeline\\Pipeline->Illuminate\\Pipeline\\{closure}(Object(Illuminate\\Http\\Request))
#22 /home/vol4_1/infinityfree.com/if0_41789412/htdocs/vendor/laravel/framework/src/Illuminate/Pipeline/Pipeline.php(183): Illuminate\\View\\Middleware\\ShareErrorsFromSession->handle(Object(Illuminate\\Http\\Request), Object(Closure))
#23 /home/vol4_1/infinityfree.com/if0_41789412/htdocs/vendor/laravel/framework/src/Illuminate/Session/Middleware/StartSession.php(121): Illuminate\\Pipeline\\Pipeline->Illuminate\\Pipeline\\{closure}(Object(Illuminate\\Http\\Request))
#24 /home/vol4_1/infinityfree.com/if0_41789412/htdocs/vendor/laravel/framework/src/Illuminate/Session/Middleware/StartSession.php(64): Illuminate\\Session\\Middleware\\StartSession->handleStatefulRequest(Object(Illuminate\\Http\\Request), Object(Illuminate\\Session\\Store), Object(Closure))
#25 /home/vol4_1/infinityfree.com/if0_41789412/htdocs/vendor/laravel/framework/src/Illuminate/Pipeline/Pipeline.php(183): Illuminate\\Session\\Middleware\\StartSession->handle(Object(Illuminate\\Http\\Request), Object(Closure))
#26 /home/vol4_1/infinityfree.com/if0_41789412/htdocs/vendor/laravel/framework/src/Illuminate/Cookie/Middleware/AddQueuedCookiesToResponse.php(37): Illuminate\\Pipeline\\Pipeline->Illuminate\\Pipeline\\{closure}(Object(Illuminate\\Http\\Request))
#27 /home/vol4_1/infinityfree.com/if0_41789412/htdocs/vendor/laravel/framework/src/Illuminate/Pipeline/Pipeline.php(183): Illuminate\\Cookie\\Middleware\\AddQueuedCookiesToResponse->handle(Object(Illuminate\\Http\\Request), Object(Closure))
#28 /home/vol4_1/infinityfree.com/if0_41789412/htdocs/vendor/laravel/framework/src/Illuminate/Cookie/Middleware/EncryptCookies.php(75): Illuminate\\Pipeline\\Pipeline->Illuminate\\Pipeline\\{closure}(Object(Illuminate\\Http\\Request))
#29 /home/vol4_1/infinityfree.com/if0_41789412/htdocs/vendor/laravel/framework/src/Illuminate/Pipeline/Pipeline.php(183): Illuminate\\Cookie\\Middleware\\EncryptCookies->handle(Object(Illuminate\\Http\\Request), Object(Closure))
#30 /home/vol4_1/infinityfree.com/if0_41789412/htdocs/vendor/laravel/framework/src/Illuminate/Pipeline/Pipeline.php(119): Illuminate\\Pipeline\\Pipeline->Illuminate\\Pipeline\\{closure}(Object(Illuminate\\Http\\Request))
#31 /home/vol4_1/infinityfree.com/if0_41789412/htdocs/vendor/laravel/framework/src/Illuminate/Routing/Router.php(807): Illuminate\\Pipeline\\Pipeline->then(Object(Closure))
#32 /home/vol4_1/infinityfree.com/if0_41789412/htdocs/vendor/laravel/framework/src/Illuminate/Routing/Router.php(786): Illuminate\\Routing\\Router->runRouteWithinStack(Object(Illuminate\\Routing\\Route), Object(Illuminate\\Http\\Request))
#33 /home/vol4_1/infinityfree.com/if0_41789412/htdocs/vendor/laravel/framework/src/Illuminate/Routing/Router.php(750): Illuminate\\Routing\\Router->runRoute(Object(Illuminate\\Http\\Request), Object(Illuminate\\Routing\\Route))
#34 /home/vol4_1/infinityfree.com/if0_41789412/htdocs/vendor/laravel/framework/src/Illuminate/Routing/Router.php(739): Illuminate\\Routing\\Router->dispatchToRoute(Object(Illuminate\\Http\\Request))
#35 /home/vol4_1/infinityfree.com/if0_41789412/htdocs/vendor/laravel/framework/src/Illuminate/Foundation/Http/Kernel.php(201): Illuminate\\Routing\\Router->dispatch(Object(Illuminate\\Http\\Request))
#36 /home/vol4_1/infinityfree.com/if0_41789412/htdocs/vendor/laravel/framework/src/Illuminate/Pipeline/Pipeline.php(144): Illuminate\\Foundation\\Http\\Kernel->Illuminate\\Foundation\\Http\\{closure}(Object(Illuminate\\Http\\Request))
#37 /home/vol4_1/infinityfree.com/if0_41789412/htdocs/vendor/laravel/framework/src/Illuminate/Foundation/Http/Middleware/TransformsRequest.php(21): Illuminate\\Pipeline\\Pipeline->Illuminate\\Pipeline\\{closure}(Object(Illuminate\\Http\\Request))
#38 /home/vol4_1/infinityfree.com/if0_41789412/htdocs/vendor/laravel/framework/src/Illuminate/Foundation/Http/Middleware/ConvertEmptyStringsToNull.php(31): Illuminate\\Foundation\\Http\\Middleware\\TransformsRequest->handle(Object(Illuminate\\Http\\Request), Object(Closure))
#39 /home/vol4_1/infinityfree.com/if0_41789412/htdocs/vendor/laravel/framework/src/Illuminate/Pipeline/Pipeline.php(183): Illuminate\\Foundation\\Http\\Middleware\\ConvertEmptyStringsToNull->handle(Object(Illuminate\\Http\\Request), Object(Closure))
#40 /home/vol4_1/infinityfree.com/if0_41789412/htdocs/vendor/laravel/framework/src/Illuminate/Foundation/Http/Middleware/TransformsRequest.php(21): Illuminate\\Pipeline\\Pipeline->Illuminate\\Pipeline\\{closure}(Object(Illuminate\\Http\\Request))
#41 /home/vol4_1/infinityfree.com/if0_41789412/htdocs/vendor/laravel/framework/src/Illuminate/Foundation/Http/Middleware/TrimStrings.php(51): Illuminate\\Foundation\\Http\\Middleware\\TransformsRequest->handle(Object(Illuminate\\Http\\Request), Object(Closure))
#42 /home/vol4_1/infinityfree.com/if0_41789412/htdocs/vendor/laravel/framework/src/Illuminate/Pipeline/Pipeline.php(183): Illuminate\\Foundation\\Http\\Middleware\\TrimStrings->handle(Object(Illuminate\\Http\\Request), Object(Closure))
#43 /home/vol4_1/infinityfree.com/if0_41789412/htdocs/vendor/laravel/framework/src/Illuminate/Http/Middleware/ValidatePostSize.php(27): Illuminate\\Pipeline\\Pipeline->Illuminate\\Pipeline\\{closure}(Object(Illuminate\\Http\\Request))
#44 /home/vol4_1/infinityfree.com/if0_41789412/htdocs/vendor/laravel/framework/src/Illuminate/Pipeline/Pipeline.php(183): Illuminate\\Http\\Middleware\\ValidatePostSize->handle(Object(Illuminate\\Http\\Request), Object(Closure))
#45 /home/vol4_1/infinityfree.com/if0_41789412/htdocs/vendor/laravel/framework/src/Illuminate/Foundation/Http/Middleware/PreventRequestsDuringMaintenance.php(110): Illuminate\\Pipeline\\Pipeline->Illuminate\\Pipeline\\{closure}(Object(Illuminate\\Http\\Request))
#46 /home/vol4_1/infinityfree.com/if0_41789412/htdocs/vendor/laravel/framework/src/Illuminate/Pipeline/Pipeline.php(183): Illuminate\\Foundation\\Http\\Middleware\\PreventRequestsDuringMaintenance->handle(Object(Illuminate\\Http\\Request), Object(Closure))
#47 /home/vol4_1/infinityfree.com/if0_41789412/htdocs/vendor/laravel/framework/src/Illuminate/Http/Middleware/HandleCors.php(49): Illuminate\\Pipeline\\Pipeline->Illuminate\\Pipeline\\{closure}(Object(Illuminate\\Http\\Request))
#48 /home/vol4_1/infinityfree.com/if0_41789412/htdocs/vendor/laravel/framework/src/Illuminate/Pipeline/Pipeline.php(183): Illuminate\\Http\\Middleware\\HandleCors->handle(Object(Illuminate\\Http\\Request), Object(Closure))
#49 /home/vol4_1/infinityfree.com/if0_41789412/htdocs/vendor/laravel/framework/src/Illuminate/Http/Middleware/TrustProxies.php(57): Illuminate\\Pipeline\\Pipeline->Illuminate\\Pipeline\\{closure}(Object(Illuminate\\Http\\Request))
#50 /home/vol4_1/infinityfree.com/if0_41789412/htdocs/vendor/laravel/framework/src/Illuminate/Pipeline/Pipeline.php(183): Illuminate\\Http\\Middleware\\TrustProxies->handle(Object(Illuminate\\Http\\Request), Object(Closure))
#51 /home/vol4_1/infinityfree.com/if0_41789412/htdocs/vendor/laravel/framework/src/Illuminate/Pipeline/Pipeline.php(119): Illuminate\\Pipeline\\Pipeline->Illuminate\\Pipeline\\{closure}(Object(Illuminate\\Http\\Request))
#52 /home/vol4_1/infinityfree.com/if0_41789412/htdocs/vendor/laravel/framework/src/Illuminate/Foundation/Http/Kernel.php(176): Illuminate\\Pipeline\\Pipeline->then(Object(Closure))
#53 /home/vol4_1/infinityfree.com/if0_41789412/htdocs/vendor/laravel/framework/src/Illuminate/Foundation/Http/Kernel.php(145): Illuminate\\Foundation\\Http\\Kernel->sendRequestThroughRouter(Object(Illuminate\\Http\\Request))
#54 /home/vol4_1/infinityfree.com/if0_41789412/htdocs/vendor/laravel/framework/src/Illuminate/Foundation/Application.php(1188): Illuminate\\Foundation\\Http\\Kernel->handle(Object(Illuminate\\Http\\Request))
#55 /home/vol4_1/infinityfree.com/if0_41789412/htdocs/index.php(17): Illuminate\\Foundation\\Application->handleRequest(Object(Illuminate\\Http\\Request))
#56 {main}
"} 
[2026-04-29 21:53:56] production.ERROR: View [menu.partials.itens-fixos.dashboard] not found. (View: /home/vol4_1/infinityfree.com/if0_41789412/htdocs/resources/views/menu/index.blade.php) {"userId":1,"exception":"[object] (Illuminate\\View\\ViewException(code: 0): View [menu.partials.itens-fixos.dashboard] not found. (View: /home/vol4_1/infinityfree.com/if0_41789412/htdocs/resources/views/menu/index.blade.php) at /home/vol4_1/infinityfree.com/if0_41789412/htdocs/vendor/laravel/framework/src/Illuminate/View/FileViewFinder.php:139)
[stacktrace]
#0 /home/vol4_1/infinityfree.com/if0_41789412/htdocs/vendor/laravel/framework/src/Illuminate/View/Engines/PhpEngine.php(60): Illuminate\\View\\Engines\\CompilerEngine->handleViewException(Object(InvalidArgumentException), 1)
#1 /home/vol4_1/infinityfree.com/if0_41789412/htdocs/vendor/laravel/framework/src/Illuminate/View/Engines/CompilerEngine.php(73): Illuminate\\View\\Engines\\PhpEngine->evaluatePath('/home/vol4_1/in...', Array)
#2 /home/vol4_1/infinityfree.com/if0_41789412/htdocs/vendor/laravel/framework/src/Illuminate/View/View.php(208): Illuminate\\View\\Engines\\CompilerEngine->get('/home/vol4_1/in...', Array)
#3 /home/vol4_1/infinityfree.com/if0_41789412/htdocs/vendor/laravel/framework/src/Illuminate/View/View.php(191): Illuminate\\View\\View->getContents()
#4 /home/vol4_1/infinityfree.com/if0_41789412/htdocs/vendor/laravel/framework/src/Illuminate/View/View.php(160): Illuminate\\View\\View->renderContents()
#5 /home/vol4_1/infinityfree.com/if0_41789412/htdocs/vendor/laravel/framework/src/Illuminate/Http/Response.php(70): Illuminate\\View\\View->render()
#6 /home/vol4_1/infinityfree.com/if0_41789412/htdocs/vendor/laravel/framework/src/Illuminate/Http/Response.php(35): Illuminate\\Http\\Response->setContent(Object(Illuminate\\View\\View))
#7 /home/vol4_1/infinityfree.com/if0_41789412/htdocs/vendor/laravel/framework/src/Illuminate/Routing/Router.php(920): Illuminate\\Http\\Response->__construct(Object(Illuminate\\View\\View), 200, Array)
#8 /home/vol4_1/infinityfree.com/if0_41789412/htdocs/vendor/laravel/framework/src/Illuminate/Routing/Router.php(887): Illuminate\\Routing\\Router::toResponse(Object(Illuminate\\Http\\Request), Object(Illuminate\\View\\View))
#9 /home/vol4_1/infinityfree.com/if0_41789412/htdocs/vendor/laravel/framework/src/Illuminate/Routing/Router.php(807): Illuminate\\Routing\\Router->prepareResponse(Object(Illuminate\\Http\\Request), Object(Illuminate\\View\\View))
#10 /home/vol4_1/infinityfree.com/if0_41789412/htdocs/vendor/laravel/framework/src/Illuminate/Pipeline/Pipeline.php(144): Illuminate\\Routing\\Router->Illuminate\\Routing\\{closure}(Object(Illuminate\\Http\\Request))
#11 /home/vol4_1/infinityfree.com/if0_41789412/htdocs/vendor/laravel/framework/src/Illuminate/Routing/Middleware/SubstituteBindings.php(51): Illuminate\\Pipeline\\Pipeline->Illuminate\\Pipeline\\{closure}(Object(Illuminate\\Http\\Request))
#12 /home/vol4_1/infinityfree.com/if0_41789412/htdocs/vendor/laravel/framework/src/Illuminate/Pipeline/Pipeline.php(183): Illuminate\\Routing\\Middleware\\SubstituteBindings->handle(Object(Illuminate\\Http\\Request), Object(Closure))
#13 /home/vol4_1/infinityfree.com/if0_41789412/htdocs/vendor/laravel/framework/src/Illuminate/Auth/Middleware/Authenticate.php(64): Illuminate\\Pipeline\\Pipeline->Illuminate\\Pipeline\\{closure}(Object(Illuminate\\Http\\Request))
#14 /home/vol4_1/infinityfree.com/if0_41789412/htdocs/vendor/laravel/framework/src/Illuminate/Pipeline/Pipeline.php(183): Illuminate\\Auth\\Middleware\\Authenticate->handle(Object(Illuminate\\Http\\Request), Object(Closure))
#15 /home/vol4_1/infinityfree.com/if0_41789412/htdocs/vendor/laravel/framework/src/Illuminate/Foundation/Http/Middleware/VerifyCsrfToken.php(88): Illuminate\\Pipeline\\Pipeline->Illuminate\\Pipeline\\{closure}(Object(Illuminate\\Http\\Request))
#16 /home/vol4_1/infinityfree.com/if0_41789412/htdocs/vendor/laravel/framework/src/Illuminate/Pipeline/Pipeline.php(183): Illuminate\\Foundation\\Http\\Middleware\\VerifyCsrfToken->handle(Object(Illuminate\\Http\\Request), Object(Closure))
#17 /home/vol4_1/infinityfree.com/if0_41789412/htdocs/vendor/laravel/framework/src/Illuminate/View/Middleware/ShareErrorsFromSession.php(49): Illuminate\\Pipeline\\Pipeline->Illuminate\\Pipeline\\{closure}(Object(Illuminate\\Http\\Request))
#18 /home/vol4_1/infinityfree.com/if0_41789412/htdocs/vendor/laravel/framework/src/Illuminate/Pipeline/Pipeline.php(183): Illuminate\\View\\Middleware\\ShareErrorsFromSession->handle(Object(Illuminate\\Http\\Request), Object(Closure))
#19 /home/vol4_1/infinityfree.com/if0_41789412/htdocs/vendor/laravel/framework/src/Illuminate/Session/Middleware/StartSession.php(121): Illuminate\\Pipeline\\Pipeline->Illuminate\\Pipeline\\{closure}(Object(Illuminate\\Http\\Request))
#20 /home/vol4_1/infinityfree.com/if0_41789412/htdocs/vendor/laravel/framework/src/Illuminate/Session/Middleware/StartSession.php(64): Illuminate\\Session\\Middleware\\StartSession->handleStatefulRequest(Object(Illuminate\\Http\\Request), Object(Illuminate\\Session\\Store), Object(Closure))
#21 /home/vol4_1/infinityfree.com/if0_41789412/htdocs/vendor/laravel/framework/src/Illuminate/Pipeline/Pipeline.php(183): Illuminate\\Session\\Middleware\\StartSession->handle(Object(Illuminate\\Http\\Request), Object(Closure))
#22 /home/vol4_1/infinityfree.com/if0_41789412/htdocs/vendor/laravel/framework/src/Illuminate/Cookie/Middleware/AddQueuedCookiesToResponse.php(37): Illuminate\\Pipeline\\Pipeline->Illuminate\\Pipeline\\{closure}(Object(Illuminate\\Http\\Request))
#23 /home/vol4_1/infinityfree.com/if0_41789412/htdocs/vendor/laravel/framework/src/Illuminate/Pipeline/Pipeline.php(183): Illuminate\\Cookie\\Middleware\\AddQueuedCookiesToResponse->handle(Object(Illuminate\\Http\\Request), Object(Closure))
#24 /home/vol4_1/infinityfree.com/if0_41789412/htdocs/vendor/laravel/framework/src/Illuminate/Cookie/Middleware/EncryptCookies.php(75): Illuminate\\Pipeline\\Pipeline->Illuminate\\Pipeline\\{closure}(Object(Illuminate\\Http\\Request))
#25 /home/vol4_1/infinityfree.com/if0_41789412/htdocs/vendor/laravel/framework/src/Illuminate/Pipeline/Pipeline.php(183): Illuminate\\Cookie\\Middleware\\EncryptCookies->handle(Object(Illuminate\\Http\\Request), Object(Closure))
#26 /home/vol4_1/infinityfree.com/if0_41789412/htdocs/vendor/laravel/framework/src/Illuminate/Pipeline/Pipeline.php(119): Illuminate\\Pipeline\\Pipeline->Illuminate\\Pipeline\\{closure}(Object(Illuminate\\Http\\Request))
#27 /home/vol4_1/infinityfree.com/if0_41789412/htdocs/vendor/laravel/framework/src/Illuminate/Routing/Router.php(807): Illuminate\\Pipeline\\Pipeline->then(Object(Closure))
#28 /home/vol4_1/infinityfree.com/if0_41789412/htdocs/vendor/laravel/framework/src/Illuminate/Routing/Router.php(786): Illuminate\\Routing\\Router->runRouteWithinStack(Object(Illuminate\\Routing\\Route), Object(Illuminate\\Http\\Request))
#29 /home/vol4_1/infinityfree.com/if0_41789412/htdocs/vendor/laravel/framework/src/Illuminate/Routing/Router.php(750): Illuminate\\Routing\\Router->runRoute(Object(Illuminate\\Http\\Request), Object(Illuminate\\Routing\\Route))
#30 /home/vol4_1/infinityfree.com/if0_41789412/htdocs/vendor/laravel/framework/src/Illuminate/Routing/Router.php(739): Illuminate\\Routing\\Router->dispatchToRoute(Object(Illuminate\\Http\\Request))
#31 /home/vol4_1/infinityfree.com/if0_41789412/htdocs/vendor/laravel/framework/src/Illuminate/Foundation/Http/Kernel.php(201): Illuminate\\Routing\\Router->dispatch(Object(Illuminate\\Http\\Request))
#32 /home/vol4_1/infinityfree.com/if0_41789412/htdocs/vendor/laravel/framework/src/Illuminate/Pipeline/Pipeline.php(144): Illuminate\\Foundation\\Http\\Kernel->Illuminate\\Foundation\\Http\\{closure}(Object(Illuminate\\Http\\Request))
#33 /home/vol4_1/infinityfree.com/if0_41789412/htdocs/vendor/laravel/framework/src/Illuminate/Foundation/Http/Middleware/TransformsRequest.php(21): Illuminate\\Pipeline\\Pipeline->Illuminate\\Pipeline\\{closure}(Object(Illuminate\\Http\\Request))
#34 /home/vol4_1/infinityfree.com/if0_41789412/htdocs/vendor/laravel/framework/src/Illuminate/Foundation/Http/Middleware/ConvertEmptyStringsToNull.php(31): Illuminate\\Foundation\\Http\\Middleware\\TransformsRequest->handle(Object(Illuminate\\Http\\Request), Object(Closure))
#35 /home/vol4_1/infinityfree.com/if0_41789412/htdocs/vendor/laravel/framework/src/Illuminate/Pipeline/Pipeline.php(183): Illuminate\\Foundation\\Http\\Middleware\\ConvertEmptyStringsToNull->handle(Object(Illuminate\\Http\\Request), Object(Closure))
#36 /home/vol4_1/infinityfree.com/if0_41789412/htdocs/vendor/laravel/framework/src/Illuminate/Foundation/Http/Middleware/TransformsRequest.php(21): Illuminate\\Pipeline\\Pipeline->Illuminate\\Pipeline\\{closure}(Object(Illuminate\\Http\\Request))
#37 /home/vol4_1/infinityfree.com/if0_41789412/htdocs/vendor/laravel/framework/src/Illuminate/Foundation/Http/Middleware/TrimStrings.php(51): Illuminate\\Foundation\\Http\\Middleware\\TransformsRequest->handle(Object(Illuminate\\Http\\Request), Object(Closure))
#38 /home/vol4_1/infinityfree.com/if0_41789412/htdocs/vendor/laravel/framework/src/Illuminate/Pipeline/Pipeline.php(183): Illuminate\\Foundation\\Http\\Middleware\\TrimStrings->handle(Object(Illuminate\\Http\\Request), Object(Closure))
#39 /home/vol4_1/infinityfree.com/if0_41789412/htdocs/vendor/laravel/framework/src/Illuminate/Http/Middleware/ValidatePostSize.php(27): Illuminate\\Pipeline\\Pipeline->Illuminate\\Pipeline\\{closure}(Object(Illuminate\\Http\\Request))
#40 /home/vol4_1/infinityfree.com/if0_41789412/htdocs/vendor/laravel/framework/src/Illuminate/Pipeline/Pipeline.php(183): Illuminate\\Http\\Middleware\\ValidatePostSize->handle(Object(Illuminate\\Http\\Request), Object(Closure))
#41 /home/vol4_1/infinityfree.com/if0_41789412/htdocs/vendor/laravel/framework/src/Illuminate/Foundation/Http/Middleware/PreventRequestsDuringMaintenance.php(110): Illuminate\\Pipeline\\Pipeline->Illuminate\\Pipeline\\{closure}(Object(Illuminate\\Http\\Request))
#42 /home/vol4_1/infinityfree.com/if0_41789412/htdocs/vendor/laravel/framework/src/Illuminate/Pipeline/Pipeline.php(183): Illuminate\\Foundation\\Http\\Middleware\\PreventRequestsDuringMaintenance->handle(Object(Illuminate\\Http\\Request), Object(Closure))
#43 /home/vol4_1/infinityfree.com/if0_41789412/htdocs/vendor/laravel/framework/src/Illuminate/Http/Middleware/HandleCors.php(49): Illuminate\\Pipeline\\Pipeline->Illuminate\\Pipeline\\{closure}(Object(Illuminate\\Http\\Request))
#44 /home/vol4_1/infinityfree.com/if0_41789412/htdocs/vendor/laravel/framework/src/Illuminate/Pipeline/Pipeline.php(183): Illuminate\\Http\\Middleware\\HandleCors->handle(Object(Illuminate\\Http\\Request), Object(Closure))
#45 /home/vol4_1/infinityfree.com/if0_41789412/htdocs/vendor/laravel/framework/src/Illuminate/Http/Middleware/TrustProxies.php(57): Illuminate\\Pipeline\\Pipeline->Illuminate\\Pipeline\\{closure}(Object(Illuminate\\Http\\Request))
#46 /home/vol4_1/infinityfree.com/if0_41789412/htdocs/vendor/laravel/framework/src/Illuminate/Pipeline/Pipeline.php(183): Illuminate\\Http\\Middleware\\TrustProxies->handle(Object(Illuminate\\Http\\Request), Object(Closure))
#47 /home/vol4_1/infinityfree.com/if0_41789412/htdocs/vendor/laravel/framework/src/Illuminate/Pipeline/Pipeline.php(119): Illuminate\\Pipeline\\Pipeline->Illuminate\\Pipeline\\{closure}(Object(Illuminate\\Http\\Request))
#48 /home/vol4_1/infinityfree.com/if0_41789412/htdocs/vendor/laravel/framework/src/Illuminate/Foundation/Http/Kernel.php(176): Illuminate\\Pipeline\\Pipeline->then(Object(Closure))
#49 /home/vol4_1/infinityfree.com/if0_41789412/htdocs/vendor/laravel/framework/src/Illuminate/Foundation/Http/Kernel.php(145): Illuminate\\Foundation\\Http\\Kernel->sendRequestThroughRouter(Object(Illuminate\\Http\\Request))
#50 /home/vol4_1/infinityfree.com/if0_41789412/htdocs/vendor/laravel/framework/src/Illuminate/Foundation/Application.php(1188): Illuminate\\Foundation\\Http\\Kernel->handle(Object(Illuminate\\Http\\Request))
#51 /home/vol4_1/infinityfree.com/if0_41789412/htdocs/index.php(17): Illuminate\\Foundation\\Application->handleRequest(Object(Illuminate\\Http\\Request))
#52 {main}

[previous exception] [object] (InvalidArgumentException(code: 0): View [menu.partials.itens-fixos.dashboard] not found. at /home/vol4_1/infinityfree.com/if0_41789412/htdocs/vendor/laravel/framework/src/Illuminate/View/FileViewFinder.php:139)
[stacktrace]
#0 /home/vol4_1/infinityfree.com/if0_41789412/htdocs/vendor/laravel/framework/src/Illuminate/View/FileViewFinder.php(79): Illuminate\\View\\FileViewFinder->findInPaths('menu.partials.i...', Array)
#1 /home/vol4_1/infinityfree.com/if0_41789412/htdocs/vendor/laravel/framework/src/Illuminate/View/Factory.php(151): Illuminate\\View\\FileViewFinder->find('menu.partials.i...')
#2 /home/vol4_1/infinityfree.com/if0_41789412/htdocs/storage/framework/views/1c7fbc0ff340fca663b5f43f6d88c6ba.php(197): Illuminate\\View\\Factory->make('menu.partials.i...', Array)
#3 /home/vol4_1/infinityfree.com/if0_41789412/htdocs/vendor/laravel/framework/src/Illuminate/Filesystem/Filesystem.php(123): require('/home/vol4_1/in...')
#4 /home/vol4_1/infinityfree.com/if0_41789412/htdocs/vendor/laravel/framework/src/Illuminate/Filesystem/Filesystem.php(124): Illuminate\\Filesystem\\Filesystem::Illuminate\\Filesystem\\{closure}()
#5 /home/vol4_1/infinityfree.com/if0_41789412/htdocs/vendor/laravel/framework/src/Illuminate/View/Engines/PhpEngine.php(58): Illuminate\\Filesystem\\Filesystem->getRequire('/home/vol4_1/in...', Array)
#6 /home/vol4_1/infinityfree.com/if0_41789412/htdocs/vendor/laravel/framework/src/Illuminate/View/Engines/CompilerEngine.php(73): Illuminate\\View\\Engines\\PhpEngine->evaluatePath('/home/vol4_1/in...', Array)
#7 /home/vol4_1/infinityfree.com/if0_41789412/htdocs/vendor/laravel/framework/src/Illuminate/View/View.php(208): Illuminate\\View\\Engines\\CompilerEngine->get('/home/vol4_1/in...', Array)
#8 /home/vol4_1/infinityfree.com/if0_41789412/htdocs/vendor/laravel/framework/src/Illuminate/View/View.php(191): Illuminate\\View\\View->getContents()
#9 /home/vol4_1/infinityfree.com/if0_41789412/htdocs/vendor/laravel/framework/src/Illuminate/View/View.php(160): Illuminate\\View\\View->renderContents()
#10 /home/vol4_1/infinityfree.com/if0_41789412/htdocs/vendor/laravel/framework/src/Illuminate/Http/Response.php(70): Illuminate\\View\\View->render()
#11 /home/vol4_1/infinityfree.com/if0_41789412/htdocs/vendor/laravel/framework/src/Illuminate/Http/Response.php(35): Illuminate\\Http\\Response->setContent(Object(Illuminate\\View\\View))
#12 /home/vol4_1/infinityfree.com/if0_41789412/htdocs/vendor/laravel/framework/src/Illuminate/Routing/Router.php(920): Illuminate\\Http\\Response->__construct(Object(Illuminate\\View\\View), 200, Array)
#13 /home/vol4_1/infinityfree.com/if0_41789412/htdocs/vendor/laravel/framework/src/Illuminate/Routing/Router.php(887): Illuminate\\Routing\\Router::toResponse(Object(Illuminate\\Http\\Request), Object(Illuminate\\View\\View))
#14 /home/vol4_1/infinityfree.com/if0_41789412/htdocs/vendor/laravel/framework/src/Illuminate/Routing/Router.php(807): Illuminate\\Routing\\Router->prepareResponse(Object(Illuminate\\Http\\Request), Object(Illuminate\\View\\View))
#15 /home/vol4_1/infinityfree.com/if0_41789412/htdocs/vendor/laravel/framework/src/Illuminate/Pipeline/Pipeline.php(144): Illuminate\\Routing\\Router->Illuminate\\Routing\\{closure}(Object(Illuminate\\Http\\Request))
#16 /home/vol4_1/infinityfree.com/if0_41789412/htdocs/vendor/laravel/framework/src/Illuminate/Routing/Middleware/SubstituteBindings.php(51): Illuminate\\Pipeline\\Pipeline->Illuminate\\Pipeline\\{closure}(Object(Illuminate\\Http\\Request))
#17 /home/vol4_1/infinityfree.com/if0_41789412/htdocs/vendor/laravel/framework/src/Illuminate/Pipeline/Pipeline.php(183): Illuminate\\Routing\\Middleware\\SubstituteBindings->handle(Object(Illuminate\\Http\\Request), Object(Closure))
#18 /home/vol4_1/infinityfree.com/if0_41789412/htdocs/vendor/laravel/framework/src/Illuminate/Auth/Middleware/Authenticate.php(64): Illuminate\\Pipeline\\Pipeline->Illuminate\\Pipeline\\{closure}(Object(Illuminate\\Http\\Request))
#19 /home/vol4_1/infinityfree.com/if0_41789412/htdocs/vendor/laravel/framework/src/Illuminate/Pipeline/Pipeline.php(183): Illuminate\\Auth\\Middleware\\Authenticate->handle(Object(Illuminate\\Http\\Request), Object(Closure))
#20 /home/vol4_1/infinityfree.com/if0_41789412/htdocs/vendor/laravel/framework/src/Illuminate/Foundation/Http/Middleware/VerifyCsrfToken.php(88): Illuminate\\Pipeline\\Pipeline->Illuminate\\Pipeline\\{closure}(Object(Illuminate\\Http\\Request))
#21 /home/vol4_1/infinityfree.com/if0_41789412/htdocs/vendor/laravel/framework/src/Illuminate/Pipeline/Pipeline.php(183): Illuminate\\Foundation\\Http\\Middleware\\VerifyCsrfToken->handle(Object(Illuminate\\Http\\Request), Object(Closure))
#22 /home/vol4_1/infinityfree.com/if0_41789412/htdocs/vendor/laravel/framework/src/Illuminate/View/Middleware/ShareErrorsFromSession.php(49): Illuminate\\Pipeline\\Pipeline->Illuminate\\Pipeline\\{closure}(Object(Illuminate\\Http\\Request))
#23 /home/vol4_1/infinityfree.com/if0_41789412/htdocs/vendor/laravel/framework/src/Illuminate/Pipeline/Pipeline.php(183): Illuminate\\View\\Middleware\\ShareErrorsFromSession->handle(Object(Illuminate\\Http\\Request), Object(Closure))
#24 /home/vol4_1/infinityfree.com/if0_41789412/htdocs/vendor/laravel/framework/src/Illuminate/Session/Middleware/StartSession.php(121): Illuminate\\Pipeline\\Pipeline->Illuminate\\Pipeline\\{closure}(Object(Illuminate\\Http\\Request))
#25 /home/vol4_1/infinityfree.com/if0_41789412/htdocs/vendor/laravel/framework/src/Illuminate/Session/Middleware/StartSession.php(64): Illuminate\\Session\\Middleware\\StartSession->handleStatefulRequest(Object(Illuminate\\Http\\Request), Object(Illuminate\\Session\\Store), Object(Closure))
#26 /home/vol4_1/infinityfree.com/if0_41789412/htdocs/vendor/laravel/framework/src/Illuminate/Pipeline/Pipeline.php(183): Illuminate\\Session\\Middleware\\StartSession->handle(Object(Illuminate\\Http\\Request), Object(Closure))
#27 /home/vol4_1/infinityfree.com/if0_41789412/htdocs/vendor/laravel/framework/src/Illuminate/Cookie/Middleware/AddQueuedCookiesToResponse.php(37): Illuminate\\Pipeline\\Pipeline->Illuminate\\Pipeline\\{closure}(Object(Illuminate\\Http\\Request))
#28 /home/vol4_1/infinityfree.com/if0_41789412/htdocs/vendor/laravel/framework/src/Illuminate/Pipeline/Pipeline.php(183): Illuminate\\Cookie\\Middleware\\AddQueuedCookiesToResponse->handle(Object(Illuminate\\Http\\Request), Object(Closure))
#29 /home/vol4_1/infinityfree.com/if0_41789412/htdocs/vendor/laravel/framework/src/Illuminate/Cookie/Middleware/EncryptCookies.php(75): Illuminate\\Pipeline\\Pipeline->Illuminate\\Pipeline\\{closure}(Object(Illuminate\\Http\\Request))
#30 /home/vol4_1/infinityfree.com/if0_41789412/htdocs/vendor/laravel/framework/src/Illuminate/Pipeline/Pipeline.php(183): Illuminate\\Cookie\\Middleware\\EncryptCookies->handle(Object(Illuminate\\Http\\Request), Object(Closure))
#31 /home/vol4_1/infinityfree.com/if0_41789412/htdocs/vendor/laravel/framework/src/Illuminate/Pipeline/Pipeline.php(119): Illuminate\\Pipeline\\Pipeline->Illuminate\\Pipeline\\{closure}(Object(Illuminate\\Http\\Request))
#32 /home/vol4_1/infinityfree.com/if0_41789412/htdocs/vendor/laravel/framework/src/Illuminate/Routing/Router.php(807): Illuminate\\Pipeline\\Pipeline->then(Object(Closure))
#33 /home/vol4_1/infinityfree.com/if0_41789412/htdocs/vendor/laravel/framework/src/Illuminate/Routing/Router.php(786): Illuminate\\Routing\\Router->runRouteWithinStack(Object(Illuminate\\Routing\\Route), Object(Illuminate\\Http\\Request))
#34 /home/vol4_1/infinityfree.com/if0_41789412/htdocs/vendor/laravel/framework/src/Illuminate/Routing/Router.php(750): Illuminate\\Routing\\Router->runRoute(Object(Illuminate\\Http\\Request), Object(Illuminate\\Routing\\Route))
#35 /home/vol4_1/infinityfree.com/if0_41789412/htdocs/vendor/laravel/framework/src/Illuminate/Routing/Router.php(739): Illuminate\\Routing\\Router->dispatchToRoute(Object(Illuminate\\Http\\Request))
#36 /home/vol4_1/infinityfree.com/if0_41789412/htdocs/vendor/laravel/framework/src/Illuminate/Foundation/Http/Kernel.php(201): Illuminate\\Routing\\Router->dispatch(Object(Illuminate\\Http\\Request))
#37 /home/vol4_1/infinityfree.com/if0_41789412/htdocs/vendor/laravel/framework/src/Illuminate/Pipeline/Pipeline.php(144): Illuminate\\Foundation\\Http\\Kernel->Illuminate\\Foundation\\Http\\{closure}(Object(Illuminate\\Http\\Request))
#38 /home/vol4_1/infinityfree.com/if0_41789412/htdocs/vendor/laravel/framework/src/Illuminate/Foundation/Http/Middleware/TransformsRequest.php(21): Illuminate\\Pipeline\\Pipeline->Illuminate\\Pipeline\\{closure}(Object(Illuminate\\Http\\Request))
#39 /home/vol4_1/infinityfree.com/if0_41789412/htdocs/vendor/laravel/framework/src/Illuminate/Foundation/Http/Middleware/ConvertEmptyStringsToNull.php(31): Illuminate\\Foundation\\Http\\Middleware\\TransformsRequest->handle(Object(Illuminate\\Http\\Request), Object(Closure))
#40 /home/vol4_1/infinityfree.com/if0_41789412/htdocs/vendor/laravel/framework/src/Illuminate/Pipeline/Pipeline.php(183): Illuminate\\Foundation\\Http\\Middleware\\ConvertEmptyStringsToNull->handle(Object(Illuminate\\Http\\Request), Object(Closure))
#41 /home/vol4_1/infinityfree.com/if0_41789412/htdocs/vendor/laravel/framework/src/Illuminate/Foundation/Http/Middleware/TransformsRequest.php(21): Illuminate\\Pipeline\\Pipeline->Illuminate\\Pipeline\\{closure}(Object(Illuminate\\Http\\Request))
#42 /home/vol4_1/infinityfree.com/if0_41789412/htdocs/vendor/laravel/framework/src/Illuminate/Foundation/Http/Middleware/TrimStrings.php(51): Illuminate\\Foundation\\Http\\Middleware\\TransformsRequest->handle(Object(Illuminate\\Http\\Request), Object(Closure))
#43 /home/vol4_1/infinityfree.com/if0_41789412/htdocs/vendor/laravel/framework/src/Illuminate/Pipeline/Pipeline.php(183): Illuminate\\Foundation\\Http\\Middleware\\TrimStrings->handle(Object(Illuminate\\Http\\Request), Object(Closure))
#44 /home/vol4_1/infinityfree.com/if0_41789412/htdocs/vendor/laravel/framework/src/Illuminate/Http/Middleware/ValidatePostSize.php(27): Illuminate\\Pipeline\\Pipeline->Illuminate\\Pipeline\\{closure}(Object(Illuminate\\Http\\Request))
#45 /home/vol4_1/infinityfree.com/if0_41789412/htdocs/vendor/laravel/framework/src/Illuminate/Pipeline/Pipeline.php(183): Illuminate\\Http\\Middleware\\ValidatePostSize->handle(Object(Illuminate\\Http\\Request), Object(Closure))
#46 /home/vol4_1/infinityfree.com/if0_41789412/htdocs/vendor/laravel/framework/src/Illuminate/Foundation/Http/Middleware/PreventRequestsDuringMaintenance.php(110): Illuminate\\Pipeline\\Pipeline->Illuminate\\Pipeline\\{closure}(Object(Illuminate\\Http\\Request))
#47 /home/vol4_1/infinityfree.com/if0_41789412/htdocs/vendor/laravel/framework/src/Illuminate/Pipeline/Pipeline.php(183): Illuminate\\Foundation\\Http\\Middleware\\PreventRequestsDuringMaintenance->handle(Object(Illuminate\\Http\\Request), Object(Closure))
#48 /home/vol4_1/infinityfree.com/if0_41789412/htdocs/vendor/laravel/framework/src/Illuminate/Http/Middleware/HandleCors.php(49): Illuminate\\Pipeline\\Pipeline->Illuminate\\Pipeline\\{closure}(Object(Illuminate\\Http\\Request))
#49 /home/vol4_1/infinityfree.com/if0_41789412/htdocs/vendor/laravel/framework/src/Illuminate/Pipeline/Pipeline.php(183): Illuminate\\Http\\Middleware\\HandleCors->handle(Object(Illuminate\\Http\\Request), Object(Closure))
#50 /home/vol4_1/infinityfree.com/if0_41789412/htdocs/vendor/laravel/framework/src/Illuminate/Http/Middleware/TrustProxies.php(57): Illuminate\\Pipeline\\Pipeline->Illuminate\\Pipeline\\{closure}(Object(Illuminate\\Http\\Request))
#51 /home/vol4_1/infinityfree.com/if0_41789412/htdocs/vendor/laravel/framework/src/Illuminate/Pipeline/Pipeline.php(183): Illuminate\\Http\\Middleware\\TrustProxies->handle(Object(Illuminate\\Http\\Request), Object(Closure))
#52 /home/vol4_1/infinityfree.com/if0_41789412/htdocs/vendor/laravel/framework/src/Illuminate/Pipeline/Pipeline.php(119): Illuminate\\Pipeline\\Pipeline->Illuminate\\Pipeline\\{closure}(Object(Illuminate\\Http\\Request))
#53 /home/vol4_1/infinityfree.com/if0_41789412/htdocs/vendor/laravel/framework/src/Illuminate/Foundation/Http/Kernel.php(176): Illuminate\\Pipeline\\Pipeline->then(Object(Closure))
#54 /home/vol4_1/infinityfree.com/if0_41789412/htdocs/vendor/laravel/framework/src/Illuminate/Foundation/Http/Kernel.php(145): Illuminate\\Foundation\\Http\\Kernel->sendRequestThroughRouter(Object(Illuminate\\Http\\Request))
#55 /home/vol4_1/infinityfree.com/if0_41789412/htdocs/vendor/laravel/framework/src/Illuminate/Foundation/Application.php(1188): Illuminate\\Foundation\\Http\\Kernel->handle(Object(Illuminate\\Http\\Request))
#56 /home/vol4_1/infinityfree.com/if0_41789412/htdocs/index.php(17): Illuminate\\Foundation\\Application->handleRequest(Object(Illuminate\\Http\\Request))
#57 {main}
"} 
[2026-04-29 21:54:04] production.ERROR: View [menu.partials.itens-fixos.dashboard] not found. (View: /home/vol4_1/infinityfree.com/if0_41789412/htdocs/resources/views/menu/index.blade.php) {"userId":1,"exception":"[object] (Illuminate\\View\\ViewException(code: 0): View [menu.partials.itens-fixos.dashboard] not found. (View: /home/vol4_1/infinityfree.com/if0_41789412/htdocs/resources/views/menu/index.blade.php) at /home/vol4_1/infinityfree.com/if0_41789412/htdocs/vendor/laravel/framework/src/Illuminate/View/FileViewFinder.php:139)
[stacktrace]
#0 /home/vol4_1/infinityfree.com/if0_41789412/htdocs/vendor/laravel/framework/src/Illuminate/View/Engines/PhpEngine.php(60): Illuminate\\View\\Engines\\CompilerEngine->handleViewException(Object(InvalidArgumentException), 1)
#1 /home/vol4_1/infinityfree.com/if0_41789412/htdocs/vendor/laravel/framework/src/Illuminate/View/Engines/CompilerEngine.php(73): Illuminate\\View\\Engines\\PhpEngine->evaluatePath('/home/vol4_1/in...', Array)
#2 /home/vol4_1/infinityfree.com/if0_41789412/htdocs/vendor/laravel/framework/src/Illuminate/View/View.php(208): Illuminate\\View\\Engines\\CompilerEngine->get('/home/vol4_1/in...', Array)
#3 /home/vol4_1/infinityfree.com/if0_41789412/htdocs/vendor/laravel/framework/src/Illuminate/View/View.php(191): Illuminate\\View\\View->getContents()
#4 /home/vol4_1/infinityfree.com/if0_41789412/htdocs/vendor/laravel/framework/src/Illuminate/View/View.php(160): Illuminate\\View\\View->renderContents()
#5 /home/vol4_1/infinityfree.com/if0_41789412/htdocs/vendor/laravel/framework/src/Illuminate/Http/Response.php(70): Illuminate\\View\\View->render()
#6 /home/vol4_1/infinityfree.com/if0_41789412/htdocs/vendor/laravel/framework/src/Illuminate/Http/Response.php(35): Illuminate\\Http\\Response->setContent(Object(Illuminate\\View\\View))
#7 /home/vol4_1/infinityfree.com/if0_41789412/htdocs/vendor/laravel/framework/src/Illuminate/Routing/Router.php(920): Illuminate\\Http\\Response->__construct(Object(Illuminate\\View\\View), 200, Array)
#8 /home/vol4_1/infinityfree.com/if0_41789412/htdocs/vendor/laravel/framework/src/Illuminate/Routing/Router.php(887): Illuminate\\Routing\\Router::toResponse(Object(Illuminate\\Http\\Request), Object(Illuminate\\View\\View))
#9 /home/vol4_1/infinityfree.com/if0_41789412/htdocs/vendor/laravel/framework/src/Illuminate/Routing/Router.php(807): Illuminate\\Routing\\Router->prepareResponse(Object(Illuminate\\Http\\Request), Object(Illuminate\\View\\View))
#10 /home/vol4_1/infinityfree.com/if0_41789412/htdocs/vendor/laravel/framework/src/Illuminate/Pipeline/Pipeline.php(144): Illuminate\\Routing\\Router->Illuminate\\Routing\\{closure}(Object(Illuminate\\Http\\Request))
#11 /home/vol4_1/infinityfree.com/if0_41789412/htdocs/vendor/laravel/framework/src/Illuminate/Routing/Middleware/SubstituteBindings.php(51): Illuminate\\Pipeline\\Pipeline->Illuminate\\Pipeline\\{closure}(Object(Illuminate\\Http\\Request))
#12 /home/vol4_1/infinityfree.com/if0_41789412/htdocs/vendor/laravel/framework/src/Illuminate/Pipeline/Pipeline.php(183): Illuminate\\Routing\\Middleware\\SubstituteBindings->handle(Object(Illuminate\\Http\\Request), Object(Closure))
#13 /home/vol4_1/infinityfree.com/if0_41789412/htdocs/vendor/laravel/framework/src/Illuminate/Auth/Middleware/Authenticate.php(64): Illuminate\\Pipeline\\Pipeline->Illuminate\\Pipeline\\{closure}(Object(Illuminate\\Http\\Request))
#14 /home/vol4_1/infinityfree.com/if0_41789412/htdocs/vendor/laravel/framework/src/Illuminate/Pipeline/Pipeline.php(183): Illuminate\\Auth\\Middleware\\Authenticate->handle(Object(Illuminate\\Http\\Request), Object(Closure))
#15 /home/vol4_1/infinityfree.com/if0_41789412/htdocs/vendor/laravel/framework/src/Illuminate/Foundation/Http/Middleware/VerifyCsrfToken.php(88): Illuminate\\Pipeline\\Pipeline->Illuminate\\Pipeline\\{closure}(Object(Illuminate\\Http\\Request))
#16 /home/vol4_1/infinityfree.com/if0_41789412/htdocs/vendor/laravel/framework/src/Illuminate/Pipeline/Pipeline.php(183): Illuminate\\Foundation\\Http\\Middleware\\VerifyCsrfToken->handle(Object(Illuminate\\Http\\Request), Object(Closure))
#17 /home/vol4_1/infinityfree.com/if0_41789412/htdocs/vendor/laravel/framework/src/Illuminate/View/Middleware/ShareErrorsFromSession.php(49): Illuminate\\Pipeline\\Pipeline->Illuminate\\Pipeline\\{closure}(Object(Illuminate\\Http\\Request))
#18 /home/vol4_1/infinityfree.com/if0_41789412/htdocs/vendor/laravel/framework/src/Illuminate/Pipeline/Pipeline.php(183): Illuminate\\View\\Middleware\\ShareErrorsFromSession->handle(Object(Illuminate\\Http\\Request), Object(Closure))
#19 /home/vol4_1/infinityfree.com/if0_41789412/htdocs/vendor/laravel/framework/src/Illuminate/Session/Middleware/StartSession.php(121): Illuminate\\Pipeline\\Pipeline->Illuminate\\Pipeline\\{closure}(Object(Illuminate\\Http\\Request))
#20 /home/vol4_1/infinityfree.com/if0_41789412/htdocs/vendor/laravel/framework/src/Illuminate/Session/Middleware/StartSession.php(64): Illuminate\\Session\\Middleware\\StartSession->handleStatefulRequest(Object(Illuminate\\Http\\Request), Object(Illuminate\\Session\\Store), Object(Closure))
#21 /home/vol4_1/infinityfree.com/if0_41789412/htdocs/vendor/laravel/framework/src/Illuminate/Pipeline/Pipeline.php(183): Illuminate\\Session\\Middleware\\StartSession->handle(Object(Illuminate\\Http\\Request), Object(Closure))
#22 /home/vol4_1/infinityfree.com/if0_41789412/htdocs/vendor/laravel/framework/src/Illuminate/Cookie/Middleware/AddQueuedCookiesToResponse.php(37): Illuminate\\Pipeline\\Pipeline->Illuminate\\Pipeline\\{closure}(Object(Illuminate\\Http\\Request))
#23 /home/vol4_1/infinityfree.com/if0_41789412/htdocs/vendor/laravel/framework/src/Illuminate/Pipeline/Pipeline.php(183): Illuminate\\Cookie\\Middleware\\AddQueuedCookiesToResponse->handle(Object(Illuminate\\Http\\Request), Object(Closure))
#24 /home/vol4_1/infinityfree.com/if0_41789412/htdocs/vendor/laravel/framework/src/Illuminate/Cookie/Middleware/EncryptCookies.php(75): Illuminate\\Pipeline\\Pipeline->Illuminate\\Pipeline\\{closure}(Object(Illuminate\\Http\\Request))
#25 /home/vol4_1/infinityfree.com/if0_41789412/htdocs/vendor/laravel/framework/src/Illuminate/Pipeline/Pipeline.php(183): Illuminate\\Cookie\\Middleware\\EncryptCookies->handle(Object(Illuminate\\Http\\Request), Object(Closure))
#26 /home/vol4_1/infinityfree.com/if0_41789412/htdocs/vendor/laravel/framework/src/Illuminate/Pipeline/Pipeline.php(119): Illuminate\\Pipeline\\Pipeline->Illuminate\\Pipeline\\{closure}(Object(Illuminate\\Http\\Request))
#27 /home/vol4_1/infinityfree.com/if0_41789412/htdocs/vendor/laravel/framework/src/Illuminate/Routing/Router.php(807): Illuminate\\Pipeline\\Pipeline->then(Object(Closure))
#28 /home/vol4_1/infinityfree.com/if0_41789412/htdocs/vendor/laravel/framework/src/Illuminate/Routing/Router.php(786): Illuminate\\Routing\\Router->runRouteWithinStack(Object(Illuminate\\Routing\\Route), Object(Illuminate\\Http\\Request))
#29 /home/vol4_1/infinityfree.com/if0_41789412/htdocs/vendor/laravel/framework/src/Illuminate/Routing/Router.php(750): Illuminate\\Routing\\Router->runRoute(Object(Illuminate\\Http\\Request), Object(Illuminate\\Routing\\Route))
#30 /home/vol4_1/infinityfree.com/if0_41789412/htdocs/vendor/laravel/framework/src/Illuminate/Routing/Router.php(739): Illuminate\\Routing\\Router->dispatchToRoute(Object(Illuminate\\Http\\Request))
#31 /home/vol4_1/infinityfree.com/if0_41789412/htdocs/vendor/laravel/framework/src/Illuminate/Foundation/Http/Kernel.php(201): Illuminate\\Routing\\Router->dispatch(Object(Illuminate\\Http\\Request))
#32 /home/vol4_1/infinityfree.com/if0_41789412/htdocs/vendor/laravel/framework/src/Illuminate/Pipeline/Pipeline.php(144): Illuminate\\Foundation\\Http\\Kernel->Illuminate\\Foundation\\Http\\{closure}(Object(Illuminate\\Http\\Request))
#33 /home/vol4_1/infinityfree.com/if0_41789412/htdocs/vendor/laravel/framework/src/Illuminate/Foundation/Http/Middleware/TransformsRequest.php(21): Illuminate\\Pipeline\\Pipeline->Illuminate\\Pipeline\\{closure}(Object(Illuminate\\Http\\Request))
#34 /home/vol4_1/infinityfree.com/if0_41789412/htdocs/vendor/laravel/framework/src/Illuminate/Foundation/Http/Middleware/ConvertEmptyStringsToNull.php(31): Illuminate\\Foundation\\Http\\Middleware\\TransformsRequest->handle(Object(Illuminate\\Http\\Request), Object(Closure))
#35 /home/vol4_1/infinityfree.com/if0_41789412/htdocs/vendor/laravel/framework/src/Illuminate/Pipeline/Pipeline.php(183): Illuminate\\Foundation\\Http\\Middleware\\ConvertEmptyStringsToNull->handle(Object(Illuminate\\Http\\Request), Object(Closure))
#36 /home/vol4_1/infinityfree.com/if0_41789412/htdocs/vendor/laravel/framework/src/Illuminate/Foundation/Http/Middleware/TransformsRequest.php(21): Illuminate\\Pipeline\\Pipeline->Illuminate\\Pipeline\\{closure}(Object(Illuminate\\Http\\Request))
#37 /home/vol4_1/infinityfree.com/if0_41789412/htdocs/vendor/laravel/framework/src/Illuminate/Foundation/Http/Middleware/TrimStrings.php(51): Illuminate\\Foundation\\Http\\Middleware\\TransformsRequest->handle(Object(Illuminate\\Http\\Request), Object(Closure))
#38 /home/vol4_1/infinityfree.com/if0_41789412/htdocs/vendor/laravel/framework/src/Illuminate/Pipeline/Pipeline.php(183): Illuminate\\Foundation\\Http\\Middleware\\TrimStrings->handle(Object(Illuminate\\Http\\Request), Object(Closure))
#39 /home/vol4_1/infinityfree.com/if0_41789412/htdocs/vendor/laravel/framework/src/Illuminate/Http/Middleware/ValidatePostSize.php(27): Illuminate\\Pipeline\\Pipeline->Illuminate\\Pipeline\\{closure}(Object(Illuminate\\Http\\Request))
#40 /home/vol4_1/infinityfree.com/if0_41789412/htdocs/vendor/laravel/framework/src/Illuminate/Pipeline/Pipeline.php(183): Illuminate\\Http\\Middleware\\ValidatePostSize->handle(Object(Illuminate\\Http\\Request), Object(Closure))
#41 /home/vol4_1/infinityfree.com/if0_41789412/htdocs/vendor/laravel/framework/src/Illuminate/Foundation/Http/Middleware/PreventRequestsDuringMaintenance.php(110): Illuminate\\Pipeline\\Pipeline->Illuminate\\Pipeline\\{closure}(Object(Illuminate\\Http\\Request))
#42 /home/vol4_1/infinityfree.com/if0_41789412/htdocs/vendor/laravel/framework/src/Illuminate/Pipeline/Pipeline.php(183): Illuminate\\Foundation\\Http\\Middleware\\PreventRequestsDuringMaintenance->handle(Object(Illuminate\\Http\\Request), Object(Closure))
#43 /home/vol4_1/infinityfree.com/if0_41789412/htdocs/vendor/laravel/framework/src/Illuminate/Http/Middleware/HandleCors.php(49): Illuminate\\Pipeline\\Pipeline->Illuminate\\Pipeline\\{closure}(Object(Illuminate\\Http\\Request))
#44 /home/vol4_1/infinityfree.com/if0_41789412/htdocs/vendor/laravel/framework/src/Illuminate/Pipeline/Pipeline.php(183): Illuminate\\Http\\Middleware\\HandleCors->handle(Object(Illuminate\\Http\\Request), Object(Closure))
#45 /home/vol4_1/infinityfree.com/if0_41789412/htdocs/vendor/laravel/framework/src/Illuminate/Http/Middleware/TrustProxies.php(57): Illuminate\\Pipeline\\Pipeline->Illuminate\\Pipeline\\{closure}(Object(Illuminate\\Http\\Request))
#46 /home/vol4_1/infinityfree.com/if0_41789412/htdocs/vendor/laravel/framework/src/Illuminate/Pipeline/Pipeline.php(183): Illuminate\\Http\\Middleware\\TrustProxies->handle(Object(Illuminate\\Http\\Request), Object(Closure))
#47 /home/vol4_1/infinityfree.com/if0_41789412/htdocs/vendor/laravel/framework/src/Illuminate/Pipeline/Pipeline.php(119): Illuminate\\Pipeline\\Pipeline->Illuminate\\Pipeline\\{closure}(Object(Illuminate\\Http\\Request))
#48 /home/vol4_1/infinityfree.com/if0_41789412/htdocs/vendor/laravel/framework/src/Illuminate/Foundation/Http/Kernel.php(176): Illuminate\\Pipeline\\Pipeline->then(Object(Closure))
#49 /home/vol4_1/infinityfree.com/if0_41789412/htdocs/vendor/laravel/framework/src/Illuminate/Foundation/Http/Kernel.php(145): Illuminate\\Foundation\\Http\\Kernel->sendRequestThroughRouter(Object(Illuminate\\Http\\Request))
#50 /home/vol4_1/infinityfree.com/if0_41789412/htdocs/vendor/laravel/framework/src/Illuminate/Foundation/Application.php(1188): Illuminate\\Foundation\\Http\\Kernel->handle(Object(Illuminate\\Http\\Request))
#51 /home/vol4_1/infinityfree.com/if0_41789412/htdocs/index.php(17): Illuminate\\Foundation\\Application->handleRequest(Object(Illuminate\\Http\\Request))
#52 {main}

[previous exception] [object] (InvalidArgumentException(code: 0): View [menu.partials.itens-fixos.dashboard] not found. at /home/vol4_1/infinityfree.com/if0_41789412/htdocs/vendor/laravel/framework/src/Illuminate/View/FileViewFinder.php:139)
[stacktrace]
#0 /home/vol4_1/infinityfree.com/if0_41789412/htdocs/vendor/laravel/framework/src/Illuminate/View/FileViewFinder.php(79): Illuminate\\View\\FileViewFinder->findInPaths('menu.partials.i...', Array)
#1 /home/vol4_1/infinityfree.com/if0_41789412/htdocs/vendor/laravel/framework/src/Illuminate/View/Factory.php(151): Illuminate\\View\\FileViewFinder->find('menu.partials.i...')
#2 /home/vol4_1/infinityfree.com/if0_41789412/htdocs/storage/framework/views/1c7fbc0ff340fca663b5f43f6d88c6ba.php(197): Illuminate\\View\\Factory->make('menu.partials.i...', Array)
#3 /home/vol4_1/infinityfree.com/if0_41789412/htdocs/vendor/laravel/framework/src/Illuminate/Filesystem/Filesystem.php(123): require('/home/vol4_1/in...')
#4 /home/vol4_1/infinityfree.com/if0_41789412/htdocs/vendor/laravel/framework/src/Illuminate/Filesystem/Filesystem.php(124): Illuminate\\Filesystem\\Filesystem::Illuminate\\Filesystem\\{closure}()
#5 /home/vol4_1/infinityfree.com/if0_41789412/htdocs/vendor/laravel/framework/src/Illuminate/View/Engines/PhpEngine.php(58): Illuminate\\Filesystem\\Filesystem->getRequire('/home/vol4_1/in...', Array)
#6 /home/vol4_1/infinityfree.com/if0_41789412/htdocs/vendor/laravel/framework/src/Illuminate/View/Engines/CompilerEngine.php(73): Illuminate\\View\\Engines\\PhpEngine->evaluatePath('/home/vol4_1/in...', Array)
#7 /home/vol4_1/infinityfree.com/if0_41789412/htdocs/vendor/laravel/framework/src/Illuminate/View/View.php(208): Illuminate\\View\\Engines\\CompilerEngine->get('/home/vol4_1/in...', Array)
#8 /home/vol4_1/infinityfree.com/if0_41789412/htdocs/vendor/laravel/framework/src/Illuminate/View/View.php(191): Illuminate\\View\\View->getContents()
#9 /home/vol4_1/infinityfree.com/if0_41789412/htdocs/vendor/laravel/framework/src/Illuminate/View/View.php(160): Illuminate\\View\\View->renderContents()
#10 /home/vol4_1/infinityfree.com/if0_41789412/htdocs/vendor/laravel/framework/src/Illuminate/Http/Response.php(70): Illuminate\\View\\View->render()
#11 /home/vol4_1/infinityfree.com/if0_41789412/htdocs/vendor/laravel/framework/src/Illuminate/Http/Response.php(35): Illuminate\\Http\\Response->setContent(Object(Illuminate\\View\\View))
#12 /home/vol4_1/infinityfree.com/if0_41789412/htdocs/vendor/laravel/framework/src/Illuminate/Routing/Router.php(920): Illuminate\\Http\\Response->__construct(Object(Illuminate\\View\\View), 200, Array)
#13 /home/vol4_1/infinityfree.com/if0_41789412/htdocs/vendor/laravel/framework/src/Illuminate/Routing/Router.php(887): Illuminate\\Routing\\Router::toResponse(Object(Illuminate\\Http\\Request), Object(Illuminate\\View\\View))
#14 /home/vol4_1/infinityfree.com/if0_41789412/htdocs/vendor/laravel/framework/src/Illuminate/Routing/Router.php(807): Illuminate\\Routing\\Router->prepareResponse(Object(Illuminate\\Http\\Request), Object(Illuminate\\View\\View))
#15 /home/vol4_1/infinityfree.com/if0_41789412/htdocs/vendor/laravel/framework/src/Illuminate/Pipeline/Pipeline.php(144): Illuminate\\Routing\\Router->Illuminate\\Routing\\{closure}(Object(Illuminate\\Http\\Request))
#16 /home/vol4_1/infinityfree.com/if0_41789412/htdocs/vendor/laravel/framework/src/Illuminate/Routing/Middleware/SubstituteBindings.php(51): Illuminate\\Pipeline\\Pipeline->Illuminate\\Pipeline\\{closure}(Object(Illuminate\\Http\\Request))
#17 /home/vol4_1/infinityfree.com/if0_41789412/htdocs/vendor/laravel/framework/src/Illuminate/Pipeline/Pipeline.php(183): Illuminate\\Routing\\Middleware\\SubstituteBindings->handle(Object(Illuminate\\Http\\Request), Object(Closure))
#18 /home/vol4_1/infinityfree.com/if0_41789412/htdocs/vendor/laravel/framework/src/Illuminate/Auth/Middleware/Authenticate.php(64): Illuminate\\Pipeline\\Pipeline->Illuminate\\Pipeline\\{closure}(Object(Illuminate\\Http\\Request))
#19 /home/vol4_1/infinityfree.com/if0_41789412/htdocs/vendor/laravel/framework/src/Illuminate/Pipeline/Pipeline.php(183): Illuminate\\Auth\\Middleware\\Authenticate->handle(Object(Illuminate\\Http\\Request), Object(Closure))
#20 /home/vol4_1/infinityfree.com/if0_41789412/htdocs/vendor/laravel/framework/src/Illuminate/Foundation/Http/Middleware/VerifyCsrfToken.php(88): Illuminate\\Pipeline\\Pipeline->Illuminate\\Pipeline\\{closure}(Object(Illuminate\\Http\\Request))
#21 /home/vol4_1/infinityfree.com/if0_41789412/htdocs/vendor/laravel/framework/src/Illuminate/Pipeline/Pipeline.php(183): Illuminate\\Foundation\\Http\\Middleware\\VerifyCsrfToken->handle(Object(Illuminate\\Http\\Request), Object(Closure))
#22 /home/vol4_1/infinityfree.com/if0_41789412/htdocs/vendor/laravel/framework/src/Illuminate/View/Middleware/ShareErrorsFromSession.php(49): Illuminate\\Pipeline\\Pipeline->Illuminate\\Pipeline\\{closure}(Object(Illuminate\\Http\\Request))
#23 /home/vol4_1/infinityfree.com/if0_41789412/htdocs/vendor/laravel/framework/src/Illuminate/Pipeline/Pipeline.php(183): Illuminate\\View\\Middleware\\ShareErrorsFromSession->handle(Object(Illuminate\\Http\\Request), Object(Closure))
#24 /home/vol4_1/infinityfree.com/if0_41789412/htdocs/vendor/laravel/framework/src/Illuminate/Session/Middleware/StartSession.php(121): Illuminate\\Pipeline\\Pipeline->Illuminate\\Pipeline\\{closure}(Object(Illuminate\\Http\\Request))
#25 /home/vol4_1/infinityfree.com/if0_41789412/htdocs/vendor/laravel/framework/src/Illuminate/Session/Middleware/StartSession.php(64): Illuminate\\Session\\Middleware\\StartSession->handleStatefulRequest(Object(Illuminate\\Http\\Request), Object(Illuminate\\Session\\Store), Object(Closure))
#26 /home/vol4_1/infinityfree.com/if0_41789412/htdocs/vendor/laravel/framework/src/Illuminate/Pipeline/Pipeline.php(183): Illuminate\\Session\\Middleware\\StartSession->handle(Object(Illuminate\\Http\\Request), Object(Closure))
#27 /home/vol4_1/infinityfree.com/if0_41789412/htdocs/vendor/laravel/framework/src/Illuminate/Cookie/Middleware/AddQueuedCookiesToResponse.php(37): Illuminate\\Pipeline\\Pipeline->Illuminate\\Pipeline\\{closure}(Object(Illuminate\\Http\\Request))
#28 /home/vol4_1/infinityfree.com/if0_41789412/htdocs/vendor/laravel/framework/src/Illuminate/Pipeline/Pipeline.php(183): Illuminate\\Cookie\\Middleware\\AddQueuedCookiesToResponse->handle(Object(Illuminate\\Http\\Request), Object(Closure))
#29 /home/vol4_1/infinityfree.com/if0_41789412/htdocs/vendor/laravel/framework/src/Illuminate/Cookie/Middleware/EncryptCookies.php(75): Illuminate\\Pipeline\\Pipeline->Illuminate\\Pipeline\\{closure}(Object(Illuminate\\Http\\Request))
#30 /home/vol4_1/infinityfree.com/if0_41789412/htdocs/vendor/laravel/framework/src/Illuminate/Pipeline/Pipeline.php(183): Illuminate\\Cookie\\Middleware\\EncryptCookies->handle(Object(Illuminate\\Http\\Request), Object(Closure))
#31 /home/vol4_1/infinityfree.com/if0_41789412/htdocs/vendor/laravel/framework/src/Illuminate/Pipeline/Pipeline.php(119): Illuminate\\Pipeline\\Pipeline->Illuminate\\Pipeline\\{closure}(Object(Illuminate\\Http\\Request))
#32 /home/vol4_1/infinityfree.com/if0_41789412/htdocs/vendor/laravel/framework/src/Illuminate/Routing/Router.php(807): Illuminate\\Pipeline\\Pipeline->then(Object(Closure))
#33 /home/vol4_1/infinityfree.com/if0_41789412/htdocs/vendor/laravel/framework/src/Illuminate/Routing/Router.php(786): Illuminate\\Routing\\Router->runRouteWithinStack(Object(Illuminate\\Routing\\Route), Object(Illuminate\\Http\\Request))
#34 /home/vol4_1/infinityfree.com/if0_41789412/htdocs/vendor/laravel/framework/src/Illuminate/Routing/Router.php(750): Illuminate\\Routing\\Router->runRoute(Object(Illuminate\\Http\\Request), Object(Illuminate\\Routing\\Route))
#35 /home/vol4_1/infinityfree.com/if0_41789412/htdocs/vendor/laravel/framework/src/Illuminate/Routing/Router.php(739): Illuminate\\Routing\\Router->dispatchToRoute(Object(Illuminate\\Http\\Request))
#36 /home/vol4_1/infinityfree.com/if0_41789412/htdocs/vendor/laravel/framework/src/Illuminate/Foundation/Http/Kernel.php(201): Illuminate\\Routing\\Router->dispatch(Object(Illuminate\\Http\\Request))
#37 /home/vol4_1/infinityfree.com/if0_41789412/htdocs/vendor/laravel/framework/src/Illuminate/Pipeline/Pipeline.php(144): Illuminate\\Foundation\\Http\\Kernel->Illuminate\\Foundation\\Http\\{closure}(Object(Illuminate\\Http\\Request))
#38 /home/vol4_1/infinityfree.com/if0_41789412/htdocs/vendor/laravel/framework/src/Illuminate/Foundation/Http/Middleware/TransformsRequest.php(21): Illuminate\\Pipeline\\Pipeline->Illuminate\\Pipeline\\{closure}(Object(Illuminate\\Http\\Request))
#39 /home/vol4_1/infinityfree.com/if0_41789412/htdocs/vendor/laravel/framework/src/Illuminate/Foundation/Http/Middleware/ConvertEmptyStringsToNull.php(31): Illuminate\\Foundation\\Http\\Middleware\\TransformsRequest->handle(Object(Illuminate\\Http\\Request), Object(Closure))
#40 /home/vol4_1/infinityfree.com/if0_41789412/htdocs/vendor/laravel/framework/src/Illuminate/Pipeline/Pipeline.php(183): Illuminate\\Foundation\\Http\\Middleware\\ConvertEmptyStringsToNull->handle(Object(Illuminate\\Http\\Request), Object(Closure))
#41 /home/vol4_1/infinityfree.com/if0_41789412/htdocs/vendor/laravel/framework/src/Illuminate/Foundation/Http/Middleware/TransformsRequest.php(21): Illuminate\\Pipeline\\Pipeline->Illuminate\\Pipeline\\{closure}(Object(Illuminate\\Http\\Request))
#42 /home/vol4_1/infinityfree.com/if0_41789412/htdocs/vendor/laravel/framework/src/Illuminate/Foundation/Http/Middleware/TrimStrings.php(51): Illuminate\\Foundation\\Http\\Middleware\\TransformsRequest->handle(Object(Illuminate\\Http\\Request), Object(Closure))
#43 /home/vol4_1/infinityfree.com/if0_41789412/htdocs/vendor/laravel/framework/src/Illuminate/Pipeline/Pipeline.php(183): Illuminate\\Foundation\\Http\\Middleware\\TrimStrings->handle(Object(Illuminate\\Http\\Request), Object(Closure))
#44 /home/vol4_1/infinityfree.com/if0_41789412/htdocs/vendor/laravel/framework/src/Illuminate/Http/Middleware/ValidatePostSize.php(27): Illuminate\\Pipeline\\Pipeline->Illuminate\\Pipeline\\{closure}(Object(Illuminate\\Http\\Request))
#45 /home/vol4_1/infinityfree.com/if0_41789412/htdocs/vendor/laravel/framework/src/Illuminate/Pipeline/Pipeline.php(183): Illuminate\\Http\\Middleware\\ValidatePostSize->handle(Object(Illuminate\\Http\\Request), Object(Closure))
#46 /home/vol4_1/infinityfree.com/if0_41789412/htdocs/vendor/laravel/framework/src/Illuminate/Foundation/Http/Middleware/PreventRequestsDuringMaintenance.php(110): Illuminate\\Pipeline\\Pipeline->Illuminate\\Pipeline\\{closure}(Object(Illuminate\\Http\\Request))
#47 /home/vol4_1/infinityfree.com/if0_41789412/htdocs/vendor/laravel/framework/src/Illuminate/Pipeline/Pipeline.php(183): Illuminate\\Foundation\\Http\\Middleware\\PreventRequestsDuringMaintenance->handle(Object(Illuminate\\Http\\Request), Object(Closure))
#48 /home/vol4_1/infinityfree.com/if0_41789412/htdocs/vendor/laravel/framework/src/Illuminate/Http/Middleware/HandleCors.php(49): Illuminate\\Pipeline\\Pipeline->Illuminate\\Pipeline\\{closure}(Object(Illuminate\\Http\\Request))
#49 /home/vol4_1/infinityfree.com/if0_41789412/htdocs/vendor/laravel/framework/src/Illuminate/Pipeline/Pipeline.php(183): Illuminate\\Http\\Middleware\\HandleCors->handle(Object(Illuminate\\Http\\Request), Object(Closure))
#50 /home/vol4_1/infinityfree.com/if0_41789412/htdocs/vendor/laravel/framework/src/Illuminate/Http/Middleware/TrustProxies.php(57): Illuminate\\Pipeline\\Pipeline->Illuminate\\Pipeline\\{closure}(Object(Illuminate\\Http\\Request))
#51 /home/vol4_1/infinityfree.com/if0_41789412/htdocs/vendor/laravel/framework/src/Illuminate/Pipeline/Pipeline.php(183): Illuminate\\Http\\Middleware\\TrustProxies->handle(Object(Illuminate\\Http\\Request), Object(Closure))
#52 /home/vol4_1/infinityfree.com/if0_41789412/htdocs/vendor/laravel/framework/src/Illuminate/Pipeline/Pipeline.php(119): Illuminate\\Pipeline\\Pipeline->Illuminate\\Pipeline\\{closure}(Object(Illuminate\\Http\\Request))
#53 /home/vol4_1/infinityfree.com/if0_41789412/htdocs/vendor/laravel/framework/src/Illuminate/Foundation/Http/Kernel.php(176): Illuminate\\Pipeline\\Pipeline->then(Object(Closure))
#54 /home/vol4_1/infinityfree.com/if0_41789412/htdocs/vendor/laravel/framework/src/Illuminate/Foundation/Http/Kernel.php(145): Illuminate\\Foundation\\Http\\Kernel->sendRequestThroughRouter(Object(Illuminate\\Http\\Request))
#55 /home/vol4_1/infinityfree.com/if0_41789412/htdocs/vendor/laravel/framework/src/Illuminate/Foundation/Application.php(1188): Illuminate\\Foundation\\Http\\Kernel->handle(Object(Illuminate\\Http\\Request))
#56 /home/vol4_1/infinityfree.com/if0_41789412/htdocs/index.php(17): Illuminate\\Foundation\\Application->handleRequest(Object(Illuminate\\Http\\Request))
#57 {main}
"} 
[2026-04-29 22:00:56] production.ERROR: View [menu.partials.itens-fixos.dashboard] not found. (View: /home/vol4_1/infinityfree.com/if0_41789412/htdocs/resources/views/menu/index.blade.php) {"userId":1,"exception":"[object] (Illuminate\\View\\ViewException(code: 0): View [menu.partials.itens-fixos.dashboard] not found. (View: /home/vol4_1/infinityfree.com/if0_41789412/htdocs/resources/views/menu/index.blade.php) at /home/vol4_1/infinityfree.com/if0_41789412/htdocs/vendor/laravel/framework/src/Illuminate/View/FileViewFinder.php:139)
[stacktrace]
#0 /home/vol4_1/infinityfree.com/if0_41789412/htdocs/vendor/laravel/framework/src/Illuminate/View/Engines/PhpEngine.php(60): Illuminate\\View\\Engines\\CompilerEngine->handleViewException(Object(InvalidArgumentException), 1)
#1 /home/vol4_1/infinityfree.com/if0_41789412/htdocs/vendor/laravel/framework/src/Illuminate/View/Engines/CompilerEngine.php(73): Illuminate\\View\\Engines\\PhpEngine->evaluatePath('/home/vol4_1/in...', Array)
#2 /home/vol4_1/infinityfree.com/if0_41789412/htdocs/vendor/laravel/framework/src/Illuminate/View/View.php(208): Illuminate\\View\\Engines\\CompilerEngine->get('/home/vol4_1/in...', Array)
#3 /home/vol4_1/infinityfree.com/if0_41789412/htdocs/vendor/laravel/framework/src/Illuminate/View/View.php(191): Illuminate\\View\\View->getContents()
#4 /home/vol4_1/infinityfree.com/if0_41789412/htdocs/vendor/laravel/framework/src/Illuminate/View/View.php(160): Illuminate\\View\\View->renderContents()
#5 /home/vol4_1/infinityfree.com/if0_41789412/htdocs/vendor/laravel/framework/src/Illuminate/Http/Response.php(70): Illuminate\\View\\View->render()
#6 /home/vol4_1/infinityfree.com/if0_41789412/htdocs/vendor/laravel/framework/src/Illuminate/Http/Response.php(35): Illuminate\\Http\\Response->setContent(Object(Illuminate\\View\\View))
#7 /home/vol4_1/infinityfree.com/if0_41789412/htdocs/vendor/laravel/framework/src/Illuminate/Routing/Router.php(920): Illuminate\\Http\\Response->__construct(Object(Illuminate\\View\\View), 200, Array)
#8 /home/vol4_1/infinityfree.com/if0_41789412/htdocs/vendor/laravel/framework/src/Illuminate/Routing/Router.php(887): Illuminate\\Routing\\Router::toResponse(Object(Illuminate\\Http\\Request), Object(Illuminate\\View\\View))
#9 /home/vol4_1/infinityfree.com/if0_41789412/htdocs/vendor/laravel/framework/src/Illuminate/Routing/Router.php(807): Illuminate\\Routing\\Router->prepareResponse(Object(Illuminate\\Http\\Request), Object(Illuminate\\View\\View))
#10 /home/vol4_1/infinityfree.com/if0_41789412/htdocs/vendor/laravel/framework/src/Illuminate/Pipeline/Pipeline.php(144): Illuminate\\Routing\\Router->Illuminate\\Routing\\{closure}(Object(Illuminate\\Http\\Request))
#11 /home/vol4_1/infinityfree.com/if0_41789412/htdocs/vendor/laravel/framework/src/Illuminate/Routing/Middleware/SubstituteBindings.php(51): Illuminate\\Pipeline\\Pipeline->Illuminate\\Pipeline\\{closure}(Object(Illuminate\\Http\\Request))
#12 /home/vol4_1/infinityfree.com/if0_41789412/htdocs/vendor/laravel/framework/src/Illuminate/Pipeline/Pipeline.php(183): Illuminate\\Routing\\Middleware\\SubstituteBindings->handle(Object(Illuminate\\Http\\Request), Object(Closure))
#13 /home/vol4_1/infinityfree.com/if0_41789412/htdocs/vendor/laravel/framework/src/Illuminate/Auth/Middleware/Authenticate.php(64): Illuminate\\Pipeline\\Pipeline->Illuminate\\Pipeline\\{closure}(Object(Illuminate\\Http\\Request))
#14 /home/vol4_1/infinityfree.com/if0_41789412/htdocs/vendor/laravel/framework/src/Illuminate/Pipeline/Pipeline.php(183): Illuminate\\Auth\\Middleware\\Authenticate->handle(Object(Illuminate\\Http\\Request), Object(Closure))
#15 /home/vol4_1/infinityfree.com/if0_41789412/htdocs/vendor/laravel/framework/src/Illuminate/Foundation/Http/Middleware/VerifyCsrfToken.php(88): Illuminate\\Pipeline\\Pipeline->Illuminate\\Pipeline\\{closure}(Object(Illuminate\\Http\\Request))
#16 /home/vol4_1/infinityfree.com/if0_41789412/htdocs/vendor/laravel/framework/src/Illuminate/Pipeline/Pipeline.php(183): Illuminate\\Foundation\\Http\\Middleware\\VerifyCsrfToken->handle(Object(Illuminate\\Http\\Request), Object(Closure))
#17 /home/vol4_1/infinityfree.com/if0_41789412/htdocs/vendor/laravel/framework/src/Illuminate/View/Middleware/ShareErrorsFromSession.php(49): Illuminate\\Pipeline\\Pipeline->Illuminate\\Pipeline\\{closure}(Object(Illuminate\\Http\\Request))
#18 /home/vol4_1/infinityfree.com/if0_41789412/htdocs/vendor/laravel/framework/src/Illuminate/Pipeline/Pipeline.php(183): Illuminate\\View\\Middleware\\ShareErrorsFromSession->handle(Object(Illuminate\\Http\\Request), Object(Closure))
#19 /home/vol4_1/infinityfree.com/if0_41789412/htdocs/vendor/laravel/framework/src/Illuminate/Session/Middleware/StartSession.php(121): Illuminate\\Pipeline\\Pipeline->Illuminate\\Pipeline\\{closure}(Object(Illuminate\\Http\\Request))
#20 /home/vol4_1/infinityfree.com/if0_41789412/htdocs/vendor/laravel/framework/src/Illuminate/Session/Middleware/StartSession.php(64): Illuminate\\Session\\Middleware\\StartSession->handleStatefulRequest(Object(Illuminate\\Http\\Request), Object(Illuminate\\Session\\Store), Object(Closure))
#21 /home/vol4_1/infinityfree.com/if0_41789412/htdocs/vendor/laravel/framework/src/Illuminate/Pipeline/Pipeline.php(183): Illuminate\\Session\\Middleware\\StartSession->handle(Object(Illuminate\\Http\\Request), Object(Closure))
#22 /home/vol4_1/infinityfree.com/if0_41789412/htdocs/vendor/laravel/framework/src/Illuminate/Cookie/Middleware/AddQueuedCookiesToResponse.php(37): Illuminate\\Pipeline\\Pipeline->Illuminate\\Pipeline\\{closure}(Object(Illuminate\\Http\\Request))
#23 /home/vol4_1/infinityfree.com/if0_41789412/htdocs/vendor/laravel/framework/src/Illuminate/Pipeline/Pipeline.php(183): Illuminate\\Cookie\\Middleware\\AddQueuedCookiesToResponse->handle(Object(Illuminate\\Http\\Request), Object(Closure))
#24 /home/vol4_1/infinityfree.com/if0_41789412/htdocs/vendor/laravel/framework/src/Illuminate/Cookie/Middleware/EncryptCookies.php(75): Illuminate\\Pipeline\\Pipeline->Illuminate\\Pipeline\\{closure}(Object(Illuminate\\Http\\Request))
#25 /home/vol4_1/infinityfree.com/if0_41789412/htdocs/vendor/laravel/framework/src/Illuminate/Pipeline/Pipeline.php(183): Illuminate\\Cookie\\Middleware\\EncryptCookies->handle(Object(Illuminate\\Http\\Request), Object(Closure))
#26 /home/vol4_1/infinityfree.com/if0_41789412/htdocs/vendor/laravel/framework/src/Illuminate/Pipeline/Pipeline.php(119): Illuminate\\Pipeline\\Pipeline->Illuminate\\Pipeline\\{closure}(Object(Illuminate\\Http\\Request))
#27 /home/vol4_1/infinityfree.com/if0_41789412/htdocs/vendor/laravel/framework/src/Illuminate/Routing/Router.php(807): Illuminate\\Pipeline\\Pipeline->then(Object(Closure))
#28 /home/vol4_1/infinityfree.com/if0_41789412/htdocs/vendor/laravel/framework/src/Illuminate/Routing/Router.php(786): Illuminate\\Routing\\Router->runRouteWithinStack(Object(Illuminate\\Routing\\Route), Object(Illuminate\\Http\\Request))
#29 /home/vol4_1/infinityfree.com/if0_41789412/htdocs/vendor/laravel/framework/src/Illuminate/Routing/Router.php(750): Illuminate\\Routing\\Router->runRoute(Object(Illuminate\\Http\\Request), Object(Illuminate\\Routing\\Route))
#30 /home/vol4_1/infinityfree.com/if0_41789412/htdocs/vendor/laravel/framework/src/Illuminate/Routing/Router.php(739): Illuminate\\Routing\\Router->dispatchToRoute(Object(Illuminate\\Http\\Request))
#31 /home/vol4_1/infinityfree.com/if0_41789412/htdocs/vendor/laravel/framework/src/Illuminate/Foundation/Http/Kernel.php(201): Illuminate\\Routing\\Router->dispatch(Object(Illuminate\\Http\\Request))
#32 /home/vol4_1/infinityfree.com/if0_41789412/htdocs/vendor/laravel/framework/src/Illuminate/Pipeline/Pipeline.php(144): Illuminate\\Foundation\\Http\\Kernel->Illuminate\\Foundation\\Http\\{closure}(Object(Illuminate\\Http\\Request))
#33 /home/vol4_1/infinityfree.com/if0_41789412/htdocs/vendor/laravel/framework/src/Illuminate/Foundation/Http/Middleware/TransformsRequest.php(21): Illuminate\\Pipeline\\Pipeline->Illuminate\\Pipeline\\{closure}(Object(Illuminate\\Http\\Request))
#34 /home/vol4_1/infinityfree.com/if0_41789412/htdocs/vendor/laravel/framework/src/Illuminate/Foundation/Http/Middleware/ConvertEmptyStringsToNull.php(31): Illuminate\\Foundation\\Http\\Middleware\\TransformsRequest->handle(Object(Illuminate\\Http\\Request), Object(Closure))
#35 /home/vol4_1/infinityfree.com/if0_41789412/htdocs/vendor/laravel/framework/src/Illuminate/Pipeline/Pipeline.php(183): Illuminate\\Foundation\\Http\\Middleware\\ConvertEmptyStringsToNull->handle(Object(Illuminate\\Http\\Request), Object(Closure))
#36 /home/vol4_1/infinityfree.com/if0_41789412/htdocs/vendor/laravel/framework/src/Illuminate/Foundation/Http/Middleware/TransformsRequest.php(21): Illuminate\\Pipeline\\Pipeline->Illuminate\\Pipeline\\{closure}(Object(Illuminate\\Http\\Request))
#37 /home/vol4_1/infinityfree.com/if0_41789412/htdocs/vendor/laravel/framework/src/Illuminate/Foundation/Http/Middleware/TrimStrings.php(51): Illuminate\\Foundation\\Http\\Middleware\\TransformsRequest->handle(Object(Illuminate\\Http\\Request), Object(Closure))
#38 /home/vol4_1/infinityfree.com/if0_41789412/htdocs/vendor/laravel/framework/src/Illuminate/Pipeline/Pipeline.php(183): Illuminate\\Foundation\\Http\\Middleware\\TrimStrings->handle(Object(Illuminate\\Http\\Request), Object(Closure))
#39 /home/vol4_1/infinityfree.com/if0_41789412/htdocs/vendor/laravel/framework/src/Illuminate/Http/Middleware/ValidatePostSize.php(27): Illuminate\\Pipeline\\Pipeline->Illuminate\\Pipeline\\{closure}(Object(Illuminate\\Http\\Request))
#40 /home/vol4_1/infinityfree.com/if0_41789412/htdocs/vendor/laravel/framework/src/Illuminate/Pipeline/Pipeline.php(183): Illuminate\\Http\\Middleware\\ValidatePostSize->handle(Object(Illuminate\\Http\\Request), Object(Closure))
#41 /home/vol4_1/infinityfree.com/if0_41789412/htdocs/vendor/laravel/framework/src/Illuminate/Foundation/Http/Middleware/PreventRequestsDuringMaintenance.php(110): Illuminate\\Pipeline\\Pipeline->Illuminate\\Pipeline\\{closure}(Object(Illuminate\\Http\\Request))
#42 /home/vol4_1/infinityfree.com/if0_41789412/htdocs/vendor/laravel/framework/src/Illuminate/Pipeline/Pipeline.php(183): Illuminate\\Foundation\\Http\\Middleware\\PreventRequestsDuringMaintenance->handle(Object(Illuminate\\Http\\Request), Object(Closure))
#43 /home/vol4_1/infinityfree.com/if0_41789412/htdocs/vendor/laravel/framework/src/Illuminate/Http/Middleware/HandleCors.php(49): Illuminate\\Pipeline\\Pipeline->Illuminate\\Pipeline\\{closure}(Object(Illuminate\\Http\\Request))
#44 /home/vol4_1/infinityfree.com/if0_41789412/htdocs/vendor/laravel/framework/src/Illuminate/Pipeline/Pipeline.php(183): Illuminate\\Http\\Middleware\\HandleCors->handle(Object(Illuminate\\Http\\Request), Object(Closure))
#45 /home/vol4_1/infinityfree.com/if0_41789412/htdocs/vendor/laravel/framework/src/Illuminate/Http/Middleware/TrustProxies.php(57): Illuminate\\Pipeline\\Pipeline->Illuminate\\Pipeline\\{closure}(Object(Illuminate\\Http\\Request))
#46 /home/vol4_1/infinityfree.com/if0_41789412/htdocs/vendor/laravel/framework/src/Illuminate/Pipeline/Pipeline.php(183): Illuminate\\Http\\Middleware\\TrustProxies->handle(Object(Illuminate\\Http\\Request), Object(Closure))
#47 /home/vol4_1/infinityfree.com/if0_41789412/htdocs/vendor/laravel/framework/src/Illuminate/Pipeline/Pipeline.php(119): Illuminate\\Pipeline\\Pipeline->Illuminate\\Pipeline\\{closure}(Object(Illuminate\\Http\\Request))
#48 /home/vol4_1/infinityfree.com/if0_41789412/htdocs/vendor/laravel/framework/src/Illuminate/Foundation/Http/Kernel.php(176): Illuminate\\Pipeline\\Pipeline->then(Object(Closure))
#49 /home/vol4_1/infinityfree.com/if0_41789412/htdocs/vendor/laravel/framework/src/Illuminate/Foundation/Http/Kernel.php(145): Illuminate\\Foundation\\Http\\Kernel->sendRequestThroughRouter(Object(Illuminate\\Http\\Request))
#50 /home/vol4_1/infinityfree.com/if0_41789412/htdocs/vendor/laravel/framework/src/Illuminate/Foundation/Application.php(1188): Illuminate\\Foundation\\Http\\Kernel->handle(Object(Illuminate\\Http\\Request))
#51 /home/vol4_1/infinityfree.com/if0_41789412/htdocs/index.php(17): Illuminate\\Foundation\\Application->handleRequest(Object(Illuminate\\Http\\Request))
#52 {main}

[previous exception] [object] (InvalidArgumentException(code: 0): View [menu.partials.itens-fixos.dashboard] not found. at /home/vol4_1/infinityfree.com/if0_41789412/htdocs/vendor/laravel/framework/src/Illuminate/View/FileViewFinder.php:139)
[stacktrace]
#0 /home/vol4_1/infinityfree.com/if0_41789412/htdocs/vendor/laravel/framework/src/Illuminate/View/FileViewFinder.php(79): Illuminate\\View\\FileViewFinder->findInPaths('menu.partials.i...', Array)
#1 /home/vol4_1/infinityfree.com/if0_41789412/htdocs/vendor/laravel/framework/src/Illuminate/View/Factory.php(151): Illuminate\\View\\FileViewFinder->find('menu.partials.i...')
#2 /home/vol4_1/infinityfree.com/if0_41789412/htdocs/storage/framework/views/1c7fbc0ff340fca663b5f43f6d88c6ba.php(197): Illuminate\\View\\Factory->make('menu.partials.i...', Array)
#3 /home/vol4_1/infinityfree.com/if0_41789412/htdocs/vendor/laravel/framework/src/Illuminate/Filesystem/Filesystem.php(123): require('/home/vol4_1/in...')
#4 /home/vol4_1/infinityfree.com/if0_41789412/htdocs/vendor/laravel/framework/src/Illuminate/Filesystem/Filesystem.php(124): Illuminate\\Filesystem\\Filesystem::Illuminate\\Filesystem\\{closure}()
#5 /home/vol4_1/infinityfree.com/if0_41789412/htdocs/vendor/laravel/framework/src/Illuminate/View/Engines/PhpEngine.php(58): Illuminate\\Filesystem\\Filesystem->getRequire('/home/vol4_1/in...', Array)
#6 /home/vol4_1/infinityfree.com/if0_41789412/htdocs/vendor/laravel/framework/src/Illuminate/View/Engines/CompilerEngine.php(73): Illuminate\\View\\Engines\\PhpEngine->evaluatePath('/home/vol4_1/in...', Array)
#7 /home/vol4_1/infinityfree.com/if0_41789412/htdocs/vendor/laravel/framework/src/Illuminate/View/View.php(208): Illuminate\\View\\Engines\\CompilerEngine->get('/home/vol4_1/in...', Array)
#8 /home/vol4_1/infinityfree.com/if0_41789412/htdocs/vendor/laravel/framework/src/Illuminate/View/View.php(191): Illuminate\\View\\View->getContents()
#9 /home/vol4_1/infinityfree.com/if0_41789412/htdocs/vendor/laravel/framework/src/Illuminate/View/View.php(160): Illuminate\\View\\View->renderContents()
#10 /home/vol4_1/infinityfree.com/if0_41789412/htdocs/vendor/laravel/framework/src/Illuminate/Http/Response.php(70): Illuminate\\View\\View->render()
#11 /home/vol4_1/infinityfree.com/if0_41789412/htdocs/vendor/laravel/framework/src/Illuminate/Http/Response.php(35): Illuminate\\Http\\Response->setContent(Object(Illuminate\\View\\View))
#12 /home/vol4_1/infinityfree.com/if0_41789412/htdocs/vendor/laravel/framework/src/Illuminate/Routing/Router.php(920): Illuminate\\Http\\Response->__construct(Object(Illuminate\\View\\View), 200, Array)
#13 /home/vol4_1/infinityfree.com/if0_41789412/htdocs/vendor/laravel/framework/src/Illuminate/Routing/Router.php(887): Illuminate\\Routing\\Router::toResponse(Object(Illuminate\\Http\\Request), Object(Illuminate\\View\\View))
#14 /home/vol4_1/infinityfree.com/if0_41789412/htdocs/vendor/laravel/framework/src/Illuminate/Routing/Router.php(807): Illuminate\\Routing\\Router->prepareResponse(Object(Illuminate\\Http\\Request), Object(Illuminate\\View\\View))
#15 /home/vol4_1/infinityfree.com/if0_41789412/htdocs/vendor/laravel/framework/src/Illuminate/Pipeline/Pipeline.php(144): Illuminate\\Routing\\Router->Illuminate\\Routing\\{closure}(Object(Illuminate\\Http\\Request))
#16 /home/vol4_1/infinityfree.com/if0_41789412/htdocs/vendor/laravel/framework/src/Illuminate/Routing/Middleware/SubstituteBindings.php(51): Illuminate\\Pipeline\\Pipeline->Illuminate\\Pipeline\\{closure}(Object(Illuminate\\Http\\Request))
#17 /home/vol4_1/infinityfree.com/if0_41789412/htdocs/vendor/laravel/framework/src/Illuminate/Pipeline/Pipeline.php(183): Illuminate\\Routing\\Middleware\\SubstituteBindings->handle(Object(Illuminate\\Http\\Request), Object(Closure))
#18 /home/vol4_1/infinityfree.com/if0_41789412/htdocs/vendor/laravel/framework/src/Illuminate/Auth/Middleware/Authenticate.php(64): Illuminate\\Pipeline\\Pipeline->Illuminate\\Pipeline\\{closure}(Object(Illuminate\\Http\\Request))
#19 /home/vol4_1/infinityfree.com/if0_41789412/htdocs/vendor/laravel/framework/src/Illuminate/Pipeline/Pipeline.php(183): Illuminate\\Auth\\Middleware\\Authenticate->handle(Object(Illuminate\\Http\\Request), Object(Closure))
#20 /home/vol4_1/infinityfree.com/if0_41789412/htdocs/vendor/laravel/framework/src/Illuminate/Foundation/Http/Middleware/VerifyCsrfToken.php(88): Illuminate\\Pipeline\\Pipeline->Illuminate\\Pipeline\\{closure}(Object(Illuminate\\Http\\Request))
#21 /home/vol4_1/infinityfree.com/if0_41789412/htdocs/vendor/laravel/framework/src/Illuminate/Pipeline/Pipeline.php(183): Illuminate\\Foundation\\Http\\Middleware\\VerifyCsrfToken->handle(Object(Illuminate\\Http\\Request), Object(Closure))
#22 /home/vol4_1/infinityfree.com/if0_41789412/htdocs/vendor/laravel/framework/src/Illuminate/View/Middleware/ShareErrorsFromSession.php(49): Illuminate\\Pipeline\\Pipeline->Illuminate\\Pipeline\\{closure}(Object(Illuminate\\Http\\Request))
#23 /home/vol4_1/infinityfree.com/if0_41789412/htdocs/vendor/laravel/framework/src/Illuminate/Pipeline/Pipeline.php(183): Illuminate\\View\\Middleware\\ShareErrorsFromSession->handle(Object(Illuminate\\Http\\Request), Object(Closure))
#24 /home/vol4_1/infinityfree.com/if0_41789412/htdocs/vendor/laravel/framework/src/Illuminate/Session/Middleware/StartSession.php(121): Illuminate\\Pipeline\\Pipeline->Illuminate\\Pipeline\\{closure}(Object(Illuminate\\Http\\Request))
#25 /home/vol4_1/infinityfree.com/if0_41789412/htdocs/vendor/laravel/framework/src/Illuminate/Session/Middleware/StartSession.php(64): Illuminate\\Session\\Middleware\\StartSession->handleStatefulRequest(Object(Illuminate\\Http\\Request), Object(Illuminate\\Session\\Store), Object(Closure))
#26 /home/vol4_1/infinityfree.com/if0_41789412/htdocs/vendor/laravel/framework/src/Illuminate/Pipeline/Pipeline.php(183): Illuminate\\Session\\Middleware\\StartSession->handle(Object(Illuminate\\Http\\Request), Object(Closure))
#27 /home/vol4_1/infinityfree.com/if0_41789412/htdocs/vendor/laravel/framework/src/Illuminate/Cookie/Middleware/AddQueuedCookiesToResponse.php(37): Illuminate\\Pipeline\\Pipeline->Illuminate\\Pipeline\\{closure}(Object(Illuminate\\Http\\Request))
#28 /home/vol4_1/infinityfree.com/if0_41789412/htdocs/vendor/laravel/framework/src/Illuminate/Pipeline/Pipeline.php(183): Illuminate\\Cookie\\Middleware\\AddQueuedCookiesToResponse->handle(Object(Illuminate\\Http\\Request), Object(Closure))
#29 /home/vol4_1/infinityfree.com/if0_41789412/htdocs/vendor/laravel/framework/src/Illuminate/Cookie/Middleware/EncryptCookies.php(75): Illuminate\\Pipeline\\Pipeline->Illuminate\\Pipeline\\{closure}(Object(Illuminate\\Http\\Request))
#30 /home/vol4_1/infinityfree.com/if0_41789412/htdocs/vendor/laravel/framework/src/Illuminate/Pipeline/Pipeline.php(183): Illuminate\\Cookie\\Middleware\\EncryptCookies->handle(Object(Illuminate\\Http\\Request), Object(Closure))
#31 /home/vol4_1/infinityfree.com/if0_41789412/htdocs/vendor/laravel/framework/src/Illuminate/Pipeline/Pipeline.php(119): Illuminate\\Pipeline\\Pipeline->Illuminate\\Pipeline\\{closure}(Object(Illuminate\\Http\\Request))
#32 /home/vol4_1/infinityfree.com/if0_41789412/htdocs/vendor/laravel/framework/src/Illuminate/Routing/Router.php(807): Illuminate\\Pipeline\\Pipeline->then(Object(Closure))
#33 /home/vol4_1/infinityfree.com/if0_41789412/htdocs/vendor/laravel/framework/src/Illuminate/Routing/Router.php(786): Illuminate\\Routing\\Router->runRouteWithinStack(Object(Illuminate\\Routing\\Route), Object(Illuminate\\Http\\Request))
#34 /home/vol4_1/infinityfree.com/if0_41789412/htdocs/vendor/laravel/framework/src/Illuminate/Routing/Router.php(750): Illuminate\\Routing\\Router->runRoute(Object(Illuminate\\Http\\Request), Object(Illuminate\\Routing\\Route))
#35 /home/vol4_1/infinityfree.com/if0_41789412/htdocs/vendor/laravel/framework/src/Illuminate/Routing/Router.php(739): Illuminate\\Routing\\Router->dispatchToRoute(Object(Illuminate\\Http\\Request))
#36 /home/vol4_1/infinityfree.com/if0_41789412/htdocs/vendor/laravel/framework/src/Illuminate/Foundation/Http/Kernel.php(201): Illuminate\\Routing\\Router->dispatch(Object(Illuminate\\Http\\Request))
#37 /home/vol4_1/infinityfree.com/if0_41789412/htdocs/vendor/laravel/framework/src/Illuminate/Pipeline/Pipeline.php(144): Illuminate\\Foundation\\Http\\Kernel->Illuminate\\Foundation\\Http\\{closure}(Object(Illuminate\\Http\\Request))
#38 /home/vol4_1/infinityfree.com/if0_41789412/htdocs/vendor/laravel/framework/src/Illuminate/Foundation/Http/Middleware/TransformsRequest.php(21): Illuminate\\Pipeline\\Pipeline->Illuminate\\Pipeline\\{closure}(Object(Illuminate\\Http\\Request))
#39 /home/vol4_1/infinityfree.com/if0_41789412/htdocs/vendor/laravel/framework/src/Illuminate/Foundation/Http/Middleware/ConvertEmptyStringsToNull.php(31): Illuminate\\Foundation\\Http\\Middleware\\TransformsRequest->handle(Object(Illuminate\\Http\\Request), Object(Closure))
#40 /home/vol4_1/infinityfree.com/if0_41789412/htdocs/vendor/laravel/framework/src/Illuminate/Pipeline/Pipeline.php(183): Illuminate\\Foundation\\Http\\Middleware\\ConvertEmptyStringsToNull->handle(Object(Illuminate\\Http\\Request), Object(Closure))
#41 /home/vol4_1/infinityfree.com/if0_41789412/htdocs/vendor/laravel/framework/src/Illuminate/Foundation/Http/Middleware/TransformsRequest.php(21): Illuminate\\Pipeline\\Pipeline->Illuminate\\Pipeline\\{closure}(Object(Illuminate\\Http\\Request))
#42 /home/vol4_1/infinityfree.com/if0_41789412/htdocs/vendor/laravel/framework/src/Illuminate/Foundation/Http/Middleware/TrimStrings.php(51): Illuminate\\Foundation\\Http\\Middleware\\TransformsRequest->handle(Object(Illuminate\\Http\\Request), Object(Closure))
#43 /home/vol4_1/infinityfree.com/if0_41789412/htdocs/vendor/laravel/framework/src/Illuminate/Pipeline/Pipeline.php(183): Illuminate\\Foundation\\Http\\Middleware\\TrimStrings->handle(Object(Illuminate\\Http\\Request), Object(Closure))
#44 /home/vol4_1/infinityfree.com/if0_41789412/htdocs/vendor/laravel/framework/src/Illuminate/Http/Middleware/ValidatePostSize.php(27): Illuminate\\Pipeline\\Pipeline->Illuminate\\Pipeline\\{closure}(Object(Illuminate\\Http\\Request))
#45 /home/vol4_1/infinityfree.com/if0_41789412/htdocs/vendor/laravel/framework/src/Illuminate/Pipeline/Pipeline.php(183): Illuminate\\Http\\Middleware\\ValidatePostSize->handle(Object(Illuminate\\Http\\Request), Object(Closure))
#46 /home/vol4_1/infinityfree.com/if0_41789412/htdocs/vendor/laravel/framework/src/Illuminate/Foundation/Http/Middleware/PreventRequestsDuringMaintenance.php(110): Illuminate\\Pipeline\\Pipeline->Illuminate\\Pipeline\\{closure}(Object(Illuminate\\Http\\Request))
#47 /home/vol4_1/infinityfree.com/if0_41789412/htdocs/vendor/laravel/framework/src/Illuminate/Pipeline/Pipeline.php(183): Illuminate\\Foundation\\Http\\Middleware\\PreventRequestsDuringMaintenance->handle(Object(Illuminate\\Http\\Request), Object(Closure))
#48 /home/vol4_1/infinityfree.com/if0_41789412/htdocs/vendor/laravel/framework/src/Illuminate/Http/Middleware/HandleCors.php(49): Illuminate\\Pipeline\\Pipeline->Illuminate\\Pipeline\\{closure}(Object(Illuminate\\Http\\Request))
#49 /home/vol4_1/infinityfree.com/if0_41789412/htdocs/vendor/laravel/framework/src/Illuminate/Pipeline/Pipeline.php(183): Illuminate\\Http\\Middleware\\HandleCors->handle(Object(Illuminate\\Http\\Request), Object(Closure))
#50 /home/vol4_1/infinityfree.com/if0_41789412/htdocs/vendor/laravel/framework/src/Illuminate/Http/Middleware/TrustProxies.php(57): Illuminate\\Pipeline\\Pipeline->Illuminate\\Pipeline\\{closure}(Object(Illuminate\\Http\\Request))
#51 /home/vol4_1/infinityfree.com/if0_41789412/htdocs/vendor/laravel/framework/src/Illuminate/Pipeline/Pipeline.php(183): Illuminate\\Http\\Middleware\\TrustProxies->handle(Object(Illuminate\\Http\\Request), Object(Closure))
#52 /home/vol4_1/infinityfree.com/if0_41789412/htdocs/vendor/laravel/framework/src/Illuminate/Pipeline/Pipeline.php(119): Illuminate\\Pipeline\\Pipeline->Illuminate\\Pipeline\\{closure}(Object(Illuminate\\Http\\Request))
#53 /home/vol4_1/infinityfree.com/if0_41789412/htdocs/vendor/laravel/framework/src/Illuminate/Foundation/Http/Kernel.php(176): Illuminate\\Pipeline\\Pipeline->then(Object(Closure))
#54 /home/vol4_1/infinityfree.com/if0_41789412/htdocs/vendor/laravel/framework/src/Illuminate/Foundation/Http/Kernel.php(145): Illuminate\\Foundation\\Http\\Kernel->sendRequestThroughRouter(Object(Illuminate\\Http\\Request))
#55 /home/vol4_1/infinityfree.com/if0_41789412/htdocs/vendor/laravel/framework/src/Illuminate/Foundation/Application.php(1188): Illuminate\\Foundation\\Http\\Kernel->handle(Object(Illuminate\\Http\\Request))
#56 /home/vol4_1/infinityfree.com/if0_41789412/htdocs/index.php(17): Illuminate\\Foundation\\Application->handleRequest(Object(Illuminate\\Http\\Request))
#57 {main}
"} 
[2026-04-29 22:05:14] production.ERROR: View [menu.partials.itens-fixos.dashboard] not found. (View: /home/vol4_1/infinityfree.com/if0_41789412/htdocs/resources/views/menu/index.blade.php) {"userId":1,"exception":"[object] (Illuminate\\View\\ViewException(code: 0): View [menu.partials.itens-fixos.dashboard] not found. (View: /home/vol4_1/infinityfree.com/if0_41789412/htdocs/resources/views/menu/index.blade.php) at /home/vol4_1/infinityfree.com/if0_41789412/htdocs/vendor/laravel/framework/src/Illuminate/View/FileViewFinder.php:139)
[stacktrace]
#0 /home/vol4_1/infinityfree.com/if0_41789412/htdocs/vendor/laravel/framework/src/Illuminate/View/Engines/PhpEngine.php(60): Illuminate\\View\\Engines\\CompilerEngine->handleViewException(Object(InvalidArgumentException), 1)
#1 /home/vol4_1/infinityfree.com/if0_41789412/htdocs/vendor/laravel/framework/src/Illuminate/View/Engines/CompilerEngine.php(73): Illuminate\\View\\Engines\\PhpEngine->evaluatePath('/home/vol4_1/in...', Array)
#2 /home/vol4_1/infinityfree.com/if0_41789412/htdocs/vendor/laravel/framework/src/Illuminate/View/View.php(208): Illuminate\\View\\Engines\\CompilerEngine->get('/home/vol4_1/in...', Array)
#3 /home/vol4_1/infinityfree.com/if0_41789412/htdocs/vendor/laravel/framework/src/Illuminate/View/View.php(191): Illuminate\\View\\View->getContents()
#4 /home/vol4_1/infinityfree.com/if0_41789412/htdocs/vendor/laravel/framework/src/Illuminate/View/View.php(160): Illuminate\\View\\View->renderContents()
#5 /home/vol4_1/infinityfree.com/if0_41789412/htdocs/vendor/laravel/framework/src/Illuminate/Http/Response.php(70): Illuminate\\View\\View->render()
#6 /home/vol4_1/infinityfree.com/if0_41789412/htdocs/vendor/laravel/framework/src/Illuminate/Http/Response.php(35): Illuminate\\Http\\Response->setContent(Object(Illuminate\\View\\View))
#7 /home/vol4_1/infinityfree.com/if0_41789412/htdocs/vendor/laravel/framework/src/Illuminate/Routing/Router.php(920): Illuminate\\Http\\Response->__construct(Object(Illuminate\\View\\View), 200, Array)
#8 /home/vol4_1/infinityfree.com/if0_41789412/htdocs/vendor/laravel/framework/src/Illuminate/Routing/Router.php(887): Illuminate\\Routing\\Router::toResponse(Object(Illuminate\\Http\\Request), Object(Illuminate\\View\\View))
#9 /home/vol4_1/infinityfree.com/if0_41789412/htdocs/vendor/laravel/framework/src/Illuminate/Routing/Router.php(807): Illuminate\\Routing\\Router->prepareResponse(Object(Illuminate\\Http\\Request), Object(Illuminate\\View\\View))
#10 /home/vol4_1/infinityfree.com/if0_41789412/htdocs/vendor/laravel/framework/src/Illuminate/Pipeline/Pipeline.php(144): Illuminate\\Routing\\Router->Illuminate\\Routing\\{closure}(Object(Illuminate\\Http\\Request))
#11 /home/vol4_1/infinityfree.com/if0_41789412/htdocs/vendor/laravel/framework/src/Illuminate/Routing/Middleware/SubstituteBindings.php(51): Illuminate\\Pipeline\\Pipeline->Illuminate\\Pipeline\\{closure}(Object(Illuminate\\Http\\Request))
#12 /home/vol4_1/infinityfree.com/if0_41789412/htdocs/vendor/laravel/framework/src/Illuminate/Pipeline/Pipeline.php(183): Illuminate\\Routing\\Middleware\\SubstituteBindings->handle(Object(Illuminate\\Http\\Request), Object(Closure))
#13 /home/vol4_1/infinityfree.com/if0_41789412/htdocs/vendor/laravel/framework/src/Illuminate/Auth/Middleware/Authenticate.php(64): Illuminate\\Pipeline\\Pipeline->Illuminate\\Pipeline\\{closure}(Object(Illuminate\\Http\\Request))
#14 /home/vol4_1/infinityfree.com/if0_41789412/htdocs/vendor/laravel/framework/src/Illuminate/Pipeline/Pipeline.php(183): Illuminate\\Auth\\Middleware\\Authenticate->handle(Object(Illuminate\\Http\\Request), Object(Closure))
#15 /home/vol4_1/infinityfree.com/if0_41789412/htdocs/vendor/laravel/framework/src/Illuminate/Foundation/Http/Middleware/VerifyCsrfToken.php(88): Illuminate\\Pipeline\\Pipeline->Illuminate\\Pipeline\\{closure}(Object(Illuminate\\Http\\Request))
#16 /home/vol4_1/infinityfree.com/if0_41789412/htdocs/vendor/laravel/framework/src/Illuminate/Pipeline/Pipeline.php(183): Illuminate\\Foundation\\Http\\Middleware\\VerifyCsrfToken->handle(Object(Illuminate\\Http\\Request), Object(Closure))
#17 /home/vol4_1/infinityfree.com/if0_41789412/htdocs/vendor/laravel/framework/src/Illuminate/View/Middleware/ShareErrorsFromSession.php(49): Illuminate\\Pipeline\\Pipeline->Illuminate\\Pipeline\\{closure}(Object(Illuminate\\Http\\Request))
#18 /home/vol4_1/infinityfree.com/if0_41789412/htdocs/vendor/laravel/framework/src/Illuminate/Pipeline/Pipeline.php(183): Illuminate\\View\\Middleware\\ShareErrorsFromSession->handle(Object(Illuminate\\Http\\Request), Object(Closure))
#19 /home/vol4_1/infinityfree.com/if0_41789412/htdocs/vendor/laravel/framework/src/Illuminate/Session/Middleware/StartSession.php(121): Illuminate\\Pipeline\\Pipeline->Illuminate\\Pipeline\\{closure}(Object(Illuminate\\Http\\Request))
#20 /home/vol4_1/infinityfree.com/if0_41789412/htdocs/vendor/laravel/framework/src/Illuminate/Session/Middleware/StartSession.php(64): Illuminate\\Session\\Middleware\\StartSession->handleStatefulRequest(Object(Illuminate\\Http\\Request), Object(Illuminate\\Session\\Store), Object(Closure))
#21 /home/vol4_1/infinityfree.com/if0_41789412/htdocs/vendor/laravel/framework/src/Illuminate/Pipeline/Pipeline.php(183): Illuminate\\Session\\Middleware\\StartSession->handle(Object(Illuminate\\Http\\Request), Object(Closure))
#22 /home/vol4_1/infinityfree.com/if0_41789412/htdocs/vendor/laravel/framework/src/Illuminate/Cookie/Middleware/AddQueuedCookiesToResponse.php(37): Illuminate\\Pipeline\\Pipeline->Illuminate\\Pipeline\\{closure}(Object(Illuminate\\Http\\Request))
#23 /home/vol4_1/infinityfree.com/if0_41789412/htdocs/vendor/laravel/framework/src/Illuminate/Pipeline/Pipeline.php(183): Illuminate\\Cookie\\Middleware\\AddQueuedCookiesToResponse->handle(Object(Illuminate\\Http\\Request), Object(Closure))
#24 /home/vol4_1/infinityfree.com/if0_41789412/htdocs/vendor/laravel/framework/src/Illuminate/Cookie/Middleware/EncryptCookies.php(75): Illuminate\\Pipeline\\Pipeline->Illuminate\\Pipeline\\{closure}(Object(Illuminate\\Http\\Request))
#25 /home/vol4_1/infinityfree.com/if0_41789412/htdocs/vendor/laravel/framework/src/Illuminate/Pipeline/Pipeline.php(183): Illuminate\\Cookie\\Middleware\\EncryptCookies->handle(Object(Illuminate\\Http\\Request), Object(Closure))
#26 /home/vol4_1/infinityfree.com/if0_41789412/htdocs/vendor/laravel/framework/src/Illuminate/Pipeline/Pipeline.php(119): Illuminate\\Pipeline\\Pipeline->Illuminate\\Pipeline\\{closure}(Object(Illuminate\\Http\\Request))
#27 /home/vol4_1/infinityfree.com/if0_41789412/htdocs/vendor/laravel/framework/src/Illuminate/Routing/Router.php(807): Illuminate\\Pipeline\\Pipeline->then(Object(Closure))
#28 /home/vol4_1/infinityfree.com/if0_41789412/htdocs/vendor/laravel/framework/src/Illuminate/Routing/Router.php(786): Illuminate\\Routing\\Router->runRouteWithinStack(Object(Illuminate\\Routing\\Route), Object(Illuminate\\Http\\Request))
#29 /home/vol4_1/infinityfree.com/if0_41789412/htdocs/vendor/laravel/framework/src/Illuminate/Routing/Router.php(750): Illuminate\\Routing\\Router->runRoute(Object(Illuminate\\Http\\Request), Object(Illuminate\\Routing\\Route))
#30 /home/vol4_1/infinityfree.com/if0_41789412/htdocs/vendor/laravel/framework/src/Illuminate/Routing/Router.php(739): Illuminate\\Routing\\Router->dispatchToRoute(Object(Illuminate\\Http\\Request))
#31 /home/vol4_1/infinityfree.com/if0_41789412/htdocs/vendor/laravel/framework/src/Illuminate/Foundation/Http/Kernel.php(201): Illuminate\\Routing\\Router->dispatch(Object(Illuminate\\Http\\Request))
#32 /home/vol4_1/infinityfree.com/if0_41789412/htdocs/vendor/laravel/framework/src/Illuminate/Pipeline/Pipeline.php(144): Illuminate\\Foundation\\Http\\Kernel->Illuminate\\Foundation\\Http\\{closure}(Object(Illuminate\\Http\\Request))
#33 /home/vol4_1/infinityfree.com/if0_41789412/htdocs/vendor/laravel/framework/src/Illuminate/Foundation/Http/Middleware/TransformsRequest.php(21): Illuminate\\Pipeline\\Pipeline->Illuminate\\Pipeline\\{closure}(Object(Illuminate\\Http\\Request))
#34 /home/vol4_1/infinityfree.com/if0_41789412/htdocs/vendor/laravel/framework/src/Illuminate/Foundation/Http/Middleware/ConvertEmptyStringsToNull.php(31): Illuminate\\Foundation\\Http\\Middleware\\TransformsRequest->handle(Object(Illuminate\\Http\\Request), Object(Closure))
#35 /home/vol4_1/infinityfree.com/if0_41789412/htdocs/vendor/laravel/framework/src/Illuminate/Pipeline/Pipeline.php(183): Illuminate\\Foundation\\Http\\Middleware\\ConvertEmptyStringsToNull->handle(Object(Illuminate\\Http\\Request), Object(Closure))
#36 /home/vol4_1/infinityfree.com/if0_41789412/htdocs/vendor/laravel/framework/src/Illuminate/Foundation/Http/Middleware/TransformsRequest.php(21): Illuminate\\Pipeline\\Pipeline->Illuminate\\Pipeline\\{closure}(Object(Illuminate\\Http\\Request))
#37 /home/vol4_1/infinityfree.com/if0_41789412/htdocs/vendor/laravel/framework/src/Illuminate/Foundation/Http/Middleware/TrimStrings.php(51): Illuminate\\Foundation\\Http\\Middleware\\TransformsRequest->handle(Object(Illuminate\\Http\\Request), Object(Closure))
#38 /home/vol4_1/infinityfree.com/if0_41789412/htdocs/vendor/laravel/framework/src/Illuminate/Pipeline/Pipeline.php(183): Illuminate\\Foundation\\Http\\Middleware\\TrimStrings->handle(Object(Illuminate\\Http\\Request), Object(Closure))
#39 /home/vol4_1/infinityfree.com/if0_41789412/htdocs/vendor/laravel/framework/src/Illuminate/Http/Middleware/ValidatePostSize.php(27): Illuminate\\Pipeline\\Pipeline->Illuminate\\Pipeline\\{closure}(Object(Illuminate\\Http\\Request))
#40 /home/vol4_1/infinityfree.com/if0_41789412/htdocs/vendor/laravel/framework/src/Illuminate/Pipeline/Pipeline.php(183): Illuminate\\Http\\Middleware\\ValidatePostSize->handle(Object(Illuminate\\Http\\Request), Object(Closure))
#41 /home/vol4_1/infinityfree.com/if0_41789412/htdocs/vendor/laravel/framework/src/Illuminate/Foundation/Http/Middleware/PreventRequestsDuringMaintenance.php(110): Illuminate\\Pipeline\\Pipeline->Illuminate\\Pipeline\\{closure}(Object(Illuminate\\Http\\Request))
#42 /home/vol4_1/infinityfree.com/if0_41789412/htdocs/vendor/laravel/framework/src/Illuminate/Pipeline/Pipeline.php(183): Illuminate\\Foundation\\Http\\Middleware\\PreventRequestsDuringMaintenance->handle(Object(Illuminate\\Http\\Request), Object(Closure))
#43 /home/vol4_1/infinityfree.com/if0_41789412/htdocs/vendor/laravel/framework/src/Illuminate/Http/Middleware/HandleCors.php(49): Illuminate\\Pipeline\\Pipeline->Illuminate\\Pipeline\\{closure}(Object(Illuminate\\Http\\Request))
#44 /home/vol4_1/infinityfree.com/if0_41789412/htdocs/vendor/laravel/framework/src/Illuminate/Pipeline/Pipeline.php(183): Illuminate\\Http\\Middleware\\HandleCors->handle(Object(Illuminate\\Http\\Request), Object(Closure))
#45 /home/vol4_1/infinityfree.com/if0_41789412/htdocs/vendor/laravel/framework/src/Illuminate/Http/Middleware/TrustProxies.php(57): Illuminate\\Pipeline\\Pipeline->Illuminate\\Pipeline\\{closure}(Object(Illuminate\\Http\\Request))
#46 /home/vol4_1/infinityfree.com/if0_41789412/htdocs/vendor/laravel/framework/src/Illuminate/Pipeline/Pipeline.php(183): Illuminate\\Http\\Middleware\\TrustProxies->handle(Object(Illuminate\\Http\\Request), Object(Closure))
#47 /home/vol4_1/infinityfree.com/if0_41789412/htdocs/vendor/laravel/framework/src/Illuminate/Pipeline/Pipeline.php(119): Illuminate\\Pipeline\\Pipeline->Illuminate\\Pipeline\\{closure}(Object(Illuminate\\Http\\Request))
#48 /home/vol4_1/infinityfree.com/if0_41789412/htdocs/vendor/laravel/framework/src/Illuminate/Foundation/Http/Kernel.php(176): Illuminate\\Pipeline\\Pipeline->then(Object(Closure))
#49 /home/vol4_1/infinityfree.com/if0_41789412/htdocs/vendor/laravel/framework/src/Illuminate/Foundation/Http/Kernel.php(145): Illuminate\\Foundation\\Http\\Kernel->sendRequestThroughRouter(Object(Illuminate\\Http\\Request))
#50 /home/vol4_1/infinityfree.com/if0_41789412/htdocs/vendor/laravel/framework/src/Illuminate/Foundation/Application.php(1188): Illuminate\\Foundation\\Http\\Kernel->handle(Object(Illuminate\\Http\\Request))
#51 /home/vol4_1/infinityfree.com/if0_41789412/htdocs/index.php(17): Illuminate\\Foundation\\Application->handleRequest(Object(Illuminate\\Http\\Request))
#52 {main}

[previous exception] [object] (InvalidArgumentException(code: 0): View [menu.partials.itens-fixos.dashboard] not found. at /home/vol4_1/infinityfree.com/if0_41789412/htdocs/vendor/laravel/framework/src/Illuminate/View/FileViewFinder.php:139)
[stacktrace]
#0 /home/vol4_1/infinityfree.com/if0_41789412/htdocs/vendor/laravel/framework/src/Illuminate/View/FileViewFinder.php(79): Illuminate\\View\\FileViewFinder->findInPaths('menu.partials.i...', Array)
#1 /home/vol4_1/infinityfree.com/if0_41789412/htdocs/vendor/laravel/framework/src/Illuminate/View/Factory.php(151): Illuminate\\View\\FileViewFinder->find('menu.partials.i...')
#2 /home/vol4_1/infinityfree.com/if0_41789412/htdocs/storage/framework/views/1c7fbc0ff340fca663b5f43f6d88c6ba.php(197): Illuminate\\View\\Factory->make('menu.partials.i...', Array)
#3 /home/vol4_1/infinityfree.com/if0_41789412/htdocs/vendor/laravel/framework/src/Illuminate/Filesystem/Filesystem.php(123): require('/home/vol4_1/in...')
#4 /home/vol4_1/infinityfree.com/if0_41789412/htdocs/vendor/laravel/framework/src/Illuminate/Filesystem/Filesystem.php(124): Illuminate\\Filesystem\\Filesystem::Illuminate\\Filesystem\\{closure}()
#5 /home/vol4_1/infinityfree.com/if0_41789412/htdocs/vendor/laravel/framework/src/Illuminate/View/Engines/PhpEngine.php(58): Illuminate\\Filesystem\\Filesystem->getRequire('/home/vol4_1/in...', Array)
#6 /home/vol4_1/infinityfree.com/if0_41789412/htdocs/vendor/laravel/framework/src/Illuminate/View/Engines/CompilerEngine.php(73): Illuminate\\View\\Engines\\PhpEngine->evaluatePath('/home/vol4_1/in...', Array)
#7 /home/vol4_1/infinityfree.com/if0_41789412/htdocs/vendor/laravel/framework/src/Illuminate/View/View.php(208): Illuminate\\View\\Engines\\CompilerEngine->get('/home/vol4_1/in...', Array)
#8 /home/vol4_1/infinityfree.com/if0_41789412/htdocs/vendor/laravel/framework/src/Illuminate/View/View.php(191): Illuminate\\View\\View->getContents()
#9 /home/vol4_1/infinityfree.com/if0_41789412/htdocs/vendor/laravel/framework/src/Illuminate/View/View.php(160): Illuminate\\View\\View->renderContents()
#10 /home/vol4_1/infinityfree.com/if0_41789412/htdocs/vendor/laravel/framework/src/Illuminate/Http/Response.php(70): Illuminate\\View\\View->render()
#11 /home/vol4_1/infinityfree.com/if0_41789412/htdocs/vendor/laravel/framework/src/Illuminate/Http/Response.php(35): Illuminate\\Http\\Response->setContent(Object(Illuminate\\View\\View))
#12 /home/vol4_1/infinityfree.com/if0_41789412/htdocs/vendor/laravel/framework/src/Illuminate/Routing/Router.php(920): Illuminate\\Http\\Response->__construct(Object(Illuminate\\View\\View), 200, Array)
#13 /home/vol4_1/infinityfree.com/if0_41789412/htdocs/vendor/laravel/framework/src/Illuminate/Routing/Router.php(887): Illuminate\\Routing\\Router::toResponse(Object(Illuminate\\Http\\Request), Object(Illuminate\\View\\View))
#14 /home/vol4_1/infinityfree.com/if0_41789412/htdocs/vendor/laravel/framework/src/Illuminate/Routing/Router.php(807): Illuminate\\Routing\\Router->prepareResponse(Object(Illuminate\\Http\\Request), Object(Illuminate\\View\\View))
#15 /home/vol4_1/infinityfree.com/if0_41789412/htdocs/vendor/laravel/framework/src/Illuminate/Pipeline/Pipeline.php(144): Illuminate\\Routing\\Router->Illuminate\\Routing\\{closure}(Object(Illuminate\\Http\\Request))
#16 /home/vol4_1/infinityfree.com/if0_41789412/htdocs/vendor/laravel/framework/src/Illuminate/Routing/Middleware/SubstituteBindings.php(51): Illuminate\\Pipeline\\Pipeline->Illuminate\\Pipeline\\{closure}(Object(Illuminate\\Http\\Request))
#17 /home/vol4_1/infinityfree.com/if0_41789412/htdocs/vendor/laravel/framework/src/Illuminate/Pipeline/Pipeline.php(183): Illuminate\\Routing\\Middleware\\SubstituteBindings->handle(Object(Illuminate\\Http\\Request), Object(Closure))
#18 /home/vol4_1/infinityfree.com/if0_41789412/htdocs/vendor/laravel/framework/src/Illuminate/Auth/Middleware/Authenticate.php(64): Illuminate\\Pipeline\\Pipeline->Illuminate\\Pipeline\\{closure}(Object(Illuminate\\Http\\Request))
#19 /home/vol4_1/infinityfree.com/if0_41789412/htdocs/vendor/laravel/framework/src/Illuminate/Pipeline/Pipeline.php(183): Illuminate\\Auth\\Middleware\\Authenticate->handle(Object(Illuminate\\Http\\Request), Object(Closure))
#20 /home/vol4_1/infinityfree.com/if0_41789412/htdocs/vendor/laravel/framework/src/Illuminate/Foundation/Http/Middleware/VerifyCsrfToken.php(88): Illuminate\\Pipeline\\Pipeline->Illuminate\\Pipeline\\{closure}(Object(Illuminate\\Http\\Request))
#21 /home/vol4_1/infinityfree.com/if0_41789412/htdocs/vendor/laravel/framework/src/Illuminate/Pipeline/Pipeline.php(183): Illuminate\\Foundation\\Http\\Middleware\\VerifyCsrfToken->handle(Object(Illuminate\\Http\\Request), Object(Closure))
#22 /home/vol4_1/infinityfree.com/if0_41789412/htdocs/vendor/laravel/framework/src/Illuminate/View/Middleware/ShareErrorsFromSession.php(49): Illuminate\\Pipeline\\Pipeline->Illuminate\\Pipeline\\{closure}(Object(Illuminate\\Http\\Request))
#23 /home/vol4_1/infinityfree.com/if0_41789412/htdocs/vendor/laravel/framework/src/Illuminate/Pipeline/Pipeline.php(183): Illuminate\\View\\Middleware\\ShareErrorsFromSession->handle(Object(Illuminate\\Http\\Request), Object(Closure))
#24 /home/vol4_1/infinityfree.com/if0_41789412/htdocs/vendor/laravel/framework/src/Illuminate/Session/Middleware/StartSession.php(121): Illuminate\\Pipeline\\Pipeline->Illuminate\\Pipeline\\{closure}(Object(Illuminate\\Http\\Request))
#25 /home/vol4_1/infinityfree.com/if0_41789412/htdocs/vendor/laravel/framework/src/Illuminate/Session/Middleware/StartSession.php(64): Illuminate\\Session\\Middleware\\StartSession->handleStatefulRequest(Object(Illuminate\\Http\\Request), Object(Illuminate\\Session\\Store), Object(Closure))
#26 /home/vol4_1/infinityfree.com/if0_41789412/htdocs/vendor/laravel/framework/src/Illuminate/Pipeline/Pipeline.php(183): Illuminate\\Session\\Middleware\\StartSession->handle(Object(Illuminate\\Http\\Request), Object(Closure))
#27 /home/vol4_1/infinityfree.com/if0_41789412/htdocs/vendor/laravel/framework/src/Illuminate/Cookie/Middleware/AddQueuedCookiesToResponse.php(37): Illuminate\\Pipeline\\Pipeline->Illuminate\\Pipeline\\{closure}(Object(Illuminate\\Http\\Request))
#28 /home/vol4_1/infinityfree.com/if0_41789412/htdocs/vendor/laravel/framework/src/Illuminate/Pipeline/Pipeline.php(183): Illuminate\\Cookie\\Middleware\\AddQueuedCookiesToResponse->handle(Object(Illuminate\\Http\\Request), Object(Closure))
#29 /home/vol4_1/infinityfree.com/if0_41789412/htdocs/vendor/laravel/framework/src/Illuminate/Cookie/Middleware/EncryptCookies.php(75): Illuminate\\Pipeline\\Pipeline->Illuminate\\Pipeline\\{closure}(Object(Illuminate\\Http\\Request))
#30 /home/vol4_1/infinityfree.com/if0_41789412/htdocs/vendor/laravel/framework/src/Illuminate/Pipeline/Pipeline.php(183): Illuminate\\Cookie\\Middleware\\EncryptCookies->handle(Object(Illuminate\\Http\\Request), Object(Closure))
#31 /home/vol4_1/infinityfree.com/if0_41789412/htdocs/vendor/laravel/framework/src/Illuminate/Pipeline/Pipeline.php(119): Illuminate\\Pipeline\\Pipeline->Illuminate\\Pipeline\\{closure}(Object(Illuminate\\Http\\Request))
#32 /home/vol4_1/infinityfree.com/if0_41789412/htdocs/vendor/laravel/framework/src/Illuminate/Routing/Router.php(807): Illuminate\\Pipeline\\Pipeline->then(Object(Closure))
#33 /home/vol4_1/infinityfree.com/if0_41789412/htdocs/vendor/laravel/framework/src/Illuminate/Routing/Router.php(786): Illuminate\\Routing\\Router->runRouteWithinStack(Object(Illuminate\\Routing\\Route), Object(Illuminate\\Http\\Request))
#34 /home/vol4_1/infinityfree.com/if0_41789412/htdocs/vendor/laravel/framework/src/Illuminate/Routing/Router.php(750): Illuminate\\Routing\\Router->runRoute(Object(Illuminate\\Http\\Request), Object(Illuminate\\Routing\\Route))
#35 /home/vol4_1/infinityfree.com/if0_41789412/htdocs/vendor/laravel/framework/src/Illuminate/Routing/Router.php(739): Illuminate\\Routing\\Router->dispatchToRoute(Object(Illuminate\\Http\\Request))
#36 /home/vol4_1/infinityfree.com/if0_41789412/htdocs/vendor/laravel/framework/src/Illuminate/Foundation/Http/Kernel.php(201): Illuminate\\Routing\\Router->dispatch(Object(Illuminate\\Http\\Request))
#37 /home/vol4_1/infinityfree.com/if0_41789412/htdocs/vendor/laravel/framework/src/Illuminate/Pipeline/Pipeline.php(144): Illuminate\\Foundation\\Http\\Kernel->Illuminate\\Foundation\\Http\\{closure}(Object(Illuminate\\Http\\Request))
#38 /home/vol4_1/infinityfree.com/if0_41789412/htdocs/vendor/laravel/framework/src/Illuminate/Foundation/Http/Middleware/TransformsRequest.php(21): Illuminate\\Pipeline\\Pipeline->Illuminate\\Pipeline\\{closure}(Object(Illuminate\\Http\\Request))
#39 /home/vol4_1/infinityfree.com/if0_41789412/htdocs/vendor/laravel/framework/src/Illuminate/Foundation/Http/Middleware/ConvertEmptyStringsToNull.php(31): Illuminate\\Foundation\\Http\\Middleware\\TransformsRequest->handle(Object(Illuminate\\Http\\Request), Object(Closure))
#40 /home/vol4_1/infinityfree.com/if0_41789412/htdocs/vendor/laravel/framework/src/Illuminate/Pipeline/Pipeline.php(183): Illuminate\\Foundation\\Http\\Middleware\\ConvertEmptyStringsToNull->handle(Object(Illuminate\\Http\\Request), Object(Closure))
#41 /home/vol4_1/infinityfree.com/if0_41789412/htdocs/vendor/laravel/framework/src/Illuminate/Foundation/Http/Middleware/TransformsRequest.php(21): Illuminate\\Pipeline\\Pipeline->Illuminate\\Pipeline\\{closure}(Object(Illuminate\\Http\\Request))
#42 /home/vol4_1/infinityfree.com/if0_41789412/htdocs/vendor/laravel/framework/src/Illuminate/Foundation/Http/Middleware/TrimStrings.php(51): Illuminate\\Foundation\\Http\\Middleware\\TransformsRequest->handle(Object(Illuminate\\Http\\Request), Object(Closure))
#43 /home/vol4_1/infinityfree.com/if0_41789412/htdocs/vendor/laravel/framework/src/Illuminate/Pipeline/Pipeline.php(183): Illuminate\\Foundation\\Http\\Middleware\\TrimStrings->handle(Object(Illuminate\\Http\\Request), Object(Closure))
#44 /home/vol4_1/infinityfree.com/if0_41789412/htdocs/vendor/laravel/framework/src/Illuminate/Http/Middleware/ValidatePostSize.php(27): Illuminate\\Pipeline\\Pipeline->Illuminate\\Pipeline\\{closure}(Object(Illuminate\\Http\\Request))
#45 /home/vol4_1/infinityfree.com/if0_41789412/htdocs/vendor/laravel/framework/src/Illuminate/Pipeline/Pipeline.php(183): Illuminate\\Http\\Middleware\\ValidatePostSize->handle(Object(Illuminate\\Http\\Request), Object(Closure))
#46 /home/vol4_1/infinityfree.com/if0_41789412/htdocs/vendor/laravel/framework/src/Illuminate/Foundation/Http/Middleware/PreventRequestsDuringMaintenance.php(110): Illuminate\\Pipeline\\Pipeline->Illuminate\\Pipeline\\{closure}(Object(Illuminate\\Http\\Request))
#47 /home/vol4_1/infinityfree.com/if0_41789412/htdocs/vendor/laravel/framework/src/Illuminate/Pipeline/Pipeline.php(183): Illuminate\\Foundation\\Http\\Middleware\\PreventRequestsDuringMaintenance->handle(Object(Illuminate\\Http\\Request), Object(Closure))
#48 /home/vol4_1/infinityfree.com/if0_41789412/htdocs/vendor/laravel/framework/src/Illuminate/Http/Middleware/HandleCors.php(49): Illuminate\\Pipeline\\Pipeline->Illuminate\\Pipeline\\{closure}(Object(Illuminate\\Http\\Request))
#49 /home/vol4_1/infinityfree.com/if0_41789412/htdocs/vendor/laravel/framework/src/Illuminate/Pipeline/Pipeline.php(183): Illuminate\\Http\\Middleware\\HandleCors->handle(Object(Illuminate\\Http\\Request), Object(Closure))
#50 /home/vol4_1/infinityfree.com/if0_41789412/htdocs/vendor/laravel/framework/src/Illuminate/Http/Middleware/TrustProxies.php(57): Illuminate\\Pipeline\\Pipeline->Illuminate\\Pipeline\\{closure}(Object(Illuminate\\Http\\Request))
#51 /home/vol4_1/infinityfree.com/if0_41789412/htdocs/vendor/laravel/framework/src/Illuminate/Pipeline/Pipeline.php(183): Illuminate\\Http\\Middleware\\TrustProxies->handle(Object(Illuminate\\Http\\Request), Object(Closure))
#52 /home/vol4_1/infinityfree.com/if0_41789412/htdocs/vendor/laravel/framework/src/Illuminate/Pipeline/Pipeline.php(119): Illuminate\\Pipeline\\Pipeline->Illuminate\\Pipeline\\{closure}(Object(Illuminate\\Http\\Request))
#53 /home/vol4_1/infinityfree.com/if0_41789412/htdocs/vendor/laravel/framework/src/Illuminate/Foundation/Http/Kernel.php(176): Illuminate\\Pipeline\\Pipeline->then(Object(Closure))
#54 /home/vol4_1/infinityfree.com/if0_41789412/htdocs/vendor/laravel/framework/src/Illuminate/Foundation/Http/Kernel.php(145): Illuminate\\Foundation\\Http\\Kernel->sendRequestThroughRouter(Object(Illuminate\\Http\\Request))
#55 /home/vol4_1/infinityfree.com/if0_41789412/htdocs/vendor/laravel/framework/src/Illuminate/Foundation/Application.php(1188): Illuminate\\Foundation\\Http\\Kernel->handle(Object(Illuminate\\Http\\Request))
#56 /home/vol4_1/infinityfree.com/if0_41789412/htdocs/index.php(17): Illuminate\\Foundation\\Application->handleRequest(Object(Illuminate\\Http\\Request))
#57 {main}
"} 
